Category,Subcategory,Item,Size,Size_oz,Calories,Fat_g,Saturated_Fat_g,Trans_Fat_g,Carbs_g,Fiber_g,Sugar_g,Protein_g,Sodium_mg,Caffeine_mg,Seasonal,Key_Ingredients,Vegan,Gluten_Free,Notes
Hot Coffee,Brewed Coffee,Featured Blonde Roast,Short,8,5,0,0,0,0,0,0,1,5,180,No,"Light roast coffee beans, water",Yes,Yes,"Light roast; bright citrus notes"
Hot Coffee,Brewed Coffee,Featured Blonde Roast,Tall,12,5,0,0,0,1,0,0,1,10,270,No,"Light roast coffee beans, water",Yes,Yes,""
Hot Coffee,Brewed Coffee,Featured Blonde Roast,Grande,16,5,0,0,0,1,0,0,1,15,360,No,"Light roast coffee beans, water",Yes,Yes,""
Hot Coffee,Brewed Coffee,Featured Blonde Roast,Venti,20,10,0,0,0,1,0,0,1,25,475,No,"Light roast coffee beans, water",Yes,Yes,""
Hot Coffee,Brewed Coffee,Pike Place Roast (Medium),Short,8,5,0,0,0,0,0,0,1,10,155,No,"Medium roast coffee beans (Latin American), water",Yes,Yes,"Balanced; nutty notes; cocoa"
Hot Coffee,Brewed Coffee,Pike Place Roast (Medium),Tall,12,5,0,0,0,0,0,0,1,10,235,No,"Medium roast coffee beans (Latin American), water",Yes,Yes,""
Hot Coffee,Brewed Coffee,Pike Place Roast (Medium),Grande,16,10,0,0,0,0,0,0,1,15,310,No,"Medium roast coffee beans (Latin American), water",Yes,Yes,""
Hot Coffee,Brewed Coffee,Pike Place Roast (Medium),Venti,20,10,0,0,0,1,0,0,1,25,410,No,"Medium roast coffee beans (Latin American), water",Yes,Yes,""
Hot Coffee,Brewed Coffee,Featured Dark Roast,Short,8,5,0,0,0,0,0,0,1,5,130,No,"Dark roast coffee beans, water",Yes,Yes,"Bold; smoky; low acidity"
Hot Coffee,Brewed Coffee,Featured Dark Roast,Tall,12,5,0,0,0,0,0,0,1,10,195,No,"Dark roast coffee beans, water",Yes,Yes,""
Hot Coffee,Brewed Coffee,Featured Dark Roast,Grande,16,10,0,0,0,0,0,0,1,15,260,No,"Dark roast coffee beans, water",Yes,Yes,""
Hot Coffee,Brewed Coffee,Featured Dark Roast,Venti,20,10,0,0,0,1,0,0,1,25,340,No,"Dark roast coffee beans, water",Yes,Yes,""
Hot Coffee,Brewed Coffee,Decaf Pike Place Roast,Tall,12,5,0,0,0,0,0,0,1,10,25,No,"Decaf medium roast coffee beans, water",Yes,Yes,"<25mg caffeine"
Hot Coffee,Brewed Coffee,Decaf Pike Place Roast,Grande,16,5,0,0,0,0,0,0,1,15,30,No,"Decaf medium roast coffee beans, water",Yes,Yes,""
Hot Coffee,Brewed Coffee,Caffe Misto,Short,8,50,2,1,0,8,0,7,4,55,55,No,"Brewed coffee, steamed 2% milk",No,Yes,"Half coffee half steamed milk"
Hot Coffee,Brewed Coffee,Caffe Misto,Tall,12,80,3,2,0,12,0,10,6,85,80,No,"Brewed coffee, steamed 2% milk",No,Yes,""
Hot Coffee,Brewed Coffee,Caffe Misto,Grande,16,110,4,3,0,14,0,12,8,120,115,No,"Brewed coffee, steamed 2% milk",No,Yes,""
Hot Coffee,Brewed Coffee,Caffe Misto,Venti,20,130,5,3,0,17,0,15,9,140,155,No,"Brewed coffee, steamed 2% milk",No,Yes,""
Hot Coffee,Espresso,Caffe Americano,Short,8,5,0,0,0,1,0,0,0,5,75,No,"Espresso shots, hot water",Yes,Yes,"2 shots"
Hot Coffee,Espresso,Caffe Americano,Tall,12,10,0,0,0,2,0,0,0,10,150,No,"Espresso shots, hot water",Yes,Yes,"2 shots"
Hot Coffee,Espresso,Caffe Americano,Grande,16,15,0,0,0,3,0,0,1,15,225,No,"Espresso shots, hot water",Yes,Yes,"3 shots"
Hot Coffee,Espresso,Caffe Americano,Venti,20,15,0,0,0,3,0,0,1,25,300,No,"Espresso shots, hot water",Yes,Yes,"4 shots"
Hot Coffee,Espresso,Caffe Latte,Short,8,100,4,2,0,10,0,9,7,100,75,No,"Espresso, steamed 2% milk",No,Yes,""
Hot Coffee,Espresso,Caffe Latte,Tall,12,150,6,3,0,15,0,12,10,135,75,No,"Espresso, steamed 2% milk",No,Yes,""
Hot Coffee,Espresso,Caffe Latte,Grande,16,190,7,4,0,19,0,17,13,170,150,No,"Espresso, steamed 2% milk",No,Yes,""
Hot Coffee,Espresso,Caffe Latte,Venti,20,250,10,6,0,25,0,22,17,230,225,No,"Espresso, steamed 2% milk",No,Yes,""
Hot Coffee,Espresso,Blonde Vanilla Latte,Short,8,130,4,2,0,22,0,21,7,130,85,No,"Blonde espresso, vanilla syrup, steamed 2% milk",No,Yes,"Made with lighter blonde roast"
Hot Coffee,Espresso,Blonde Vanilla Latte,Tall,12,200,7,3,0,31,0,30,10,180,85,No,"Blonde espresso, vanilla syrup, steamed 2% milk",No,Yes,""
Hot Coffee,Espresso,Blonde Vanilla Latte,Grande,16,250,9,4,0,39,0,37,13,230,170,No,"Blonde espresso, vanilla syrup, steamed 2% milk",No,Yes,""
Hot Coffee,Espresso,Blonde Vanilla Latte,Venti,20,320,11,6,0,50,0,48,17,300,255,No,"Blonde espresso, vanilla syrup, steamed 2% milk",No,Yes,""
Hot Coffee,Espresso,Caffe Mocha,Short,8,200,7,4,0,32,2,27,9,110,75,No,"Espresso, mocha sauce, steamed 2% milk, whipped cream",No,Yes,""
Hot Coffee,Espresso,Caffe Mocha,Tall,12,290,12,6,0,43,2,37,13,155,150,No,"Espresso, mocha sauce, steamed 2% milk, whipped cream",No,Yes,""
Hot Coffee,Espresso,Caffe Mocha,Grande,16,370,15,8,0,55,3,48,16,200,175,No,"Espresso, mocha sauce, steamed 2% milk, whipped cream",No,Yes,""
Hot Coffee,Espresso,Caffe Mocha,Venti,20,450,18,10,0,68,3,57,20,260,265,No,"Espresso, mocha sauce, steamed 2% milk, whipped cream",No,Yes,""
Hot Coffee,Espresso,Cappuccino,Short,8,70,3,2,0,8,0,7,5,65,75,No,"Espresso, steamed 2% milk, milk foam",No,Yes,""
Hot Coffee,Espresso,Cappuccino,Tall,12,100,4,2,0,12,0,11,7,100,75,No,"Espresso, steamed 2% milk, milk foam",No,Yes,""
Hot Coffee,Espresso,Cappuccino,Grande,16,140,5,3,0,16,0,14,10,135,150,No,"Espresso, steamed 2% milk, milk foam",No,Yes,""
Hot Coffee,Espresso,Cappuccino,Venti,20,200,7,4,0,22,0,20,14,195,225,No,"Espresso, steamed 2% milk, milk foam",No,Yes,""
Hot Coffee,Espresso,Caramel Macchiato,Short,8,120,4,2,0,19,0,18,5,80,75,No,"Espresso, vanilla syrup, steamed 2% milk, caramel sauce",No,Yes,""
Hot Coffee,Espresso,Caramel Macchiato,Tall,12,190,6,3,0,30,0,28,8,125,75,No,"Espresso, vanilla syrup, steamed 2% milk, caramel sauce",No,Yes,""
Hot Coffee,Espresso,Caramel Macchiato,Grande,16,250,7,4,0,39,0,37,11,160,150,No,"Espresso, vanilla syrup, steamed 2% milk, caramel sauce",No,Yes,""
Hot Coffee,Espresso,Caramel Macchiato,Venti,20,310,9,5,0,48,0,46,15,210,225,No,"Espresso, vanilla syrup, steamed 2% milk, caramel sauce",No,Yes,""
Hot Coffee,Espresso,Cinnamon Dolce Latte,Short,8,190,6,3,0,31,0,28,8,120,75,No,"Espresso, cinnamon dolce syrup, steamed 2% milk, whipped cream, cinnamon dolce topping",No,Yes,""
Hot Coffee,Espresso,Cinnamon Dolce Latte,Tall,12,270,9,5,0,43,0,39,11,170,75,No,"Espresso, cinnamon dolce syrup, steamed 2% milk, whipped cream, cinnamon dolce topping",No,Yes,""
Hot Coffee,Espresso,Cinnamon Dolce Latte,Grande,16,340,11,6,0,55,0,50,14,220,150,No,"Espresso, cinnamon dolce syrup, steamed 2% milk, whipped cream, cinnamon dolce topping",No,Yes,""
Hot Coffee,Espresso,Cinnamon Dolce Latte,Venti,20,420,14,8,0,68,0,62,18,285,225,No,"Espresso, cinnamon dolce syrup, steamed 2% milk, whipped cream, cinnamon dolce topping",No,Yes,""
Hot Coffee,Espresso,Flat White,Short,8,110,6,3,0,11,0,10,7,120,130,No,"Ristretto espresso, whole milk",No,Yes,""
Hot Coffee,Espresso,Flat White,Tall,12,170,9,4,0,16,0,15,10,175,195,No,"Ristretto espresso, whole milk",No,Yes,""
Hot Coffee,Espresso,Flat White,Grande,16,220,11,5,0,21,0,20,13,230,260,No,"Ristretto espresso, whole milk",No,Yes,""
Hot Coffee,Espresso,Flat White,Venti,20,290,14,7,0,27,0,25,17,300,390,No,"Ristretto espresso, whole milk",No,Yes,""
Hot Coffee,Espresso,Honey Almondmilk Flat White,Short,8,80,3,0,0,13,1,9,2,105,130,No,"Ristretto espresso, almond milk, honey blend",Yes,Yes,""
Hot Coffee,Espresso,Honey Almondmilk Flat White,Tall,12,120,5,0,0,19,1,14,3,160,195,No,"Ristretto espresso, almond milk, honey blend",Yes,Yes,""
Hot Coffee,Espresso,Honey Almondmilk Flat White,Grande,16,170,7,0,0,25,1,19,5,215,260,No,"Ristretto espresso, almond milk, honey blend",Yes,Yes,""
Hot Coffee,Espresso,Honey Almondmilk Flat White,Venti,20,210,9,1,0,31,2,23,6,275,390,No,"Ristretto espresso, almond milk, honey blend",Yes,Yes,""
Hot Coffee,Espresso,White Chocolate Mocha,Short,8,150,5,3,0,23,0,22,7,130,75,No,"Espresso, white chocolate mocha sauce, steamed 2% milk, whipped cream",No,Yes,""
Hot Coffee,Espresso,White Chocolate Mocha,Tall,12,240,9,5,0,36,0,35,11,200,75,No,"Espresso, white chocolate mocha sauce, steamed 2% milk, whipped cream",No,Yes,""
Hot Coffee,Espresso,White Chocolate Mocha,Grande,16,320,12,7,0,48,0,46,14,260,150,No,"Espresso, white chocolate mocha sauce, steamed 2% milk, whipped cream",No,Yes,""
Hot Coffee,Espresso,White Chocolate Mocha,Venti,20,400,15,9,0,60,0,58,18,330,225,No,"Espresso, white chocolate mocha sauce, steamed 2% milk, whipped cream",No,Yes,""
Hot Coffee,Espresso,Espresso,Solo (1 oz),1,5,0,0,0,0,0,0,0,5,75,No,"Espresso beans, water",Yes,Yes,""
Hot Coffee,Espresso,Espresso,Doppio (2 oz),2,10,0,0,0,0,0,0,0,10,150,No,"Espresso beans, water",Yes,Yes,""
Hot Coffee,Espresso,Espresso,Triple (3 oz),3,15,0,0,0,0,0,0,0,15,225,No,"Espresso beans, water",Yes,Yes,""
Hot Coffee,Espresso,Espresso,Quad (4 oz),4,20,0,0,0,0,0,0,1,20,300,No,"Espresso beans, water",Yes,Yes,""
Hot Coffee,Espresso,Espresso Con Panna,Solo,1,30,2,2,0,2,0,1,0,10,75,No,"Espresso, whipped cream",No,Yes,"Espresso topped with whipped cream"
Hot Coffee,Espresso,Espresso Con Panna,Doppio,2,35,3,2,0,3,0,2,1,15,150,No,"Espresso, whipped cream",No,Yes,""
Hot Coffee,Espresso,Espresso Con Panna,Triple,3,40,4,3,0,3,0,2,1,15,225,No,"Espresso, whipped cream",No,Yes,""
Hot Coffee,Espresso,Espresso Con Panna,Quad,4,45,5,3,0,4,0,3,1,20,300,No,"Espresso, whipped cream",No,Yes,""
Hot Coffee,Espresso,Espresso Macchiato,Solo,1,10,0,0,0,2,0,1,0,5,75,No,"Espresso, dash of 2% milk foam",No,Yes,""
Hot Coffee,Espresso,Espresso Macchiato,Doppio,2,15,0,0,0,3,0,1,1,10,150,No,"Espresso, dash of 2% milk foam",No,Yes,""
Hot Coffee,Espresso,Espresso Macchiato,Triple,3,20,1,0,0,4,0,2,1,15,225,No,"Espresso, dash of 2% milk foam",No,Yes,""
Hot Coffee,Espresso,Espresso Macchiato,Quad,4,25,1,0,0,5,0,2,1,20,300,No,"Espresso, dash of 2% milk foam",No,Yes,""
Hot Coffee,Reserve,Starbucks Reserve Latte,Short,8,110,5,3,0,12,0,11,7,110,130,No,"Reserve espresso, steamed 2% milk",No,Yes,"Limited availability Reserve bars"
Hot Coffee,Reserve,Starbucks Reserve Latte,Tall,12,180,8,4,0,18,0,17,11,175,195,No,"Reserve espresso, steamed 2% milk",No,Yes,""
Hot Coffee,Reserve,Starbucks Reserve Latte,Grande,16,230,10,5,0,23,0,21,14,225,260,No,"Reserve espresso, steamed 2% milk",No,Yes,""
Hot Coffee,Reserve,Starbucks Reserve Latte,Venti,20,290,13,6,0,29,0,27,18,285,390,No,"Reserve espresso, steamed 2% milk",No,Yes,""
Hot Coffee,Reserve,Starbucks Reserve Hazelnut Bianco Latte,Short,8,190,7,4,0,28,0,27,7,90,130,No,"Reserve espresso, hazelnut praline sauce, steamed 2% milk",No,Yes,"Reserve bars only"
Hot Coffee,Reserve,Starbucks Reserve Hazelnut Bianco Latte,Tall,12,310,11,6,0,44,0,43,11,145,195,No,"Reserve espresso, hazelnut praline sauce, steamed 2% milk",No,Yes,""
Hot Coffee,Reserve,Starbucks Reserve Hazelnut Bianco Latte,Grande,16,380,14,8,0,55,0,54,14,185,260,No,"Reserve espresso, hazelnut praline sauce, steamed 2% milk",No,Yes,""
Hot Coffee,Reserve,Starbucks Reserve Hazelnut Bianco Latte,Venti,20,520,19,10,0,76,0,74,19,250,390,No,"Reserve espresso, hazelnut praline sauce, steamed 2% milk",No,Yes,""
Hot Coffee,Reserve,Oleato Caffe Latte with Oatmilk,Short,8,210,11,2,0,22,1,14,4,115,75,No,"Espresso, oat milk, Partanna extra virgin olive oil",Yes,Yes,"Olive oil infused latte"
Hot Coffee,Reserve,Oleato Caffe Latte with Oatmilk,Tall,12,270,14,2,0,28,1,18,5,155,75,No,"Espresso, oat milk, Partanna extra virgin olive oil",Yes,Yes,""
Hot Coffee,Reserve,Oleato Caffe Latte with Oatmilk,Grande,16,330,17,3,0,34,2,22,7,195,150,No,"Espresso, oat milk, Partanna extra virgin olive oil",Yes,Yes,""
Hot Coffee,Reserve,Oleato Caffe Latte with Oatmilk,Venti,20,410,21,4,0,43,2,28,8,245,225,No,"Espresso, oat milk, Partanna extra virgin olive oil",Yes,Yes,""
Hot Tea,Black Tea,Earl Grey Tea,Short,8,0,0,0,0,0,0,0,0,5,40,No,"Earl Grey tea blend (black tea, bergamot oil), water",Yes,Yes,"Bergamot citrus aroma"
Hot Tea,Black Tea,Earl Grey Tea,Tall,12,0,0,0,0,0,0,0,0,10,55,No,"Earl Grey tea blend, water",Yes,Yes,""
Hot Tea,Black Tea,Earl Grey Tea,Grande,16,0,0,0,0,0,0,0,0,15,80,No,"Earl Grey tea blend, water",Yes,Yes,""
Hot Tea,Black Tea,Earl Grey Tea,Venti,20,0,0,0,0,0,0,0,0,20,110,No,"Earl Grey tea blend, water",Yes,Yes,""
Hot Tea,Black Tea,Royal English Breakfast Tea,Tall,12,0,0,0,0,0,0,0,0,10,40,No,"English breakfast tea blend, water",Yes,Yes,""
Hot Tea,Black Tea,Royal English Breakfast Tea,Grande,16,0,0,0,0,0,0,0,0,15,60,No,"English breakfast tea blend, water",Yes,Yes,""
Hot Tea,Black Tea,Chai Tea (plain),Tall,12,0,0,0,0,0,0,0,0,10,40,No,"Chai tea blend (black tea, spices), water",Yes,Yes,"Unsweetened; no milk"
Hot Tea,Black Tea,Chai Tea (plain),Grande,16,0,0,0,0,0,0,0,0,15,55,No,"Chai tea blend, water",Yes,Yes,""
Hot Tea,Green Tea,Emperor's Clouds & Mist,Tall,12,0,0,0,0,0,0,0,0,10,25,No,"Chinese green tea, water",Yes,Yes,"Chinese green tea"
Hot Tea,Green Tea,Emperor's Clouds & Mist,Grande,16,0,0,0,0,0,0,0,0,15,35,No,"Chinese green tea, water",Yes,Yes,""
Hot Tea,Herbal Tea,Mint Majesty,Tall,12,0,0,0,0,0,0,0,0,5,0,No,"Spearmint, peppermint, lemon verbena, water",Yes,Yes,"Caffeine-free herbal"
Hot Tea,Herbal Tea,Mint Majesty,Grande,16,0,0,0,0,0,0,0,0,5,0,No,"Spearmint, peppermint, lemon verbena, water",Yes,Yes,""
Hot Tea,Herbal Tea,Peach Tranquility,Tall,12,0,0,0,0,0,0,0,0,0,0,No,"Peach, citrus, chamomile, rose hips, water",Yes,Yes,"Caffeine-free herbal"
Hot Tea,Herbal Tea,Peach Tranquility,Grande,16,0,0,0,0,0,0,0,0,0,0,No,"Peach, citrus, chamomile, rose hips, water",Yes,Yes,""
Hot Tea,Chai Latte,Chai Tea Latte,Short,8,120,3,2,0,22,0,21,5,80,40,No,"Chai tea concentrate (black tea, spices, honey, ginger), steamed 2% milk",No,Yes,""
Hot Tea,Chai Latte,Chai Tea Latte,Tall,12,190,5,3,0,35,0,33,8,125,40,No,"Chai tea concentrate, steamed 2% milk",No,Yes,""
Hot Tea,Chai Latte,Chai Tea Latte,Grande,16,240,6,4,0,44,0,42,10,160,80,No,"Chai tea concentrate, steamed 2% milk",No,Yes,""
Hot Tea,Chai Latte,Chai Tea Latte,Venti,20,310,8,5,0,57,0,54,13,210,120,No,"Chai tea concentrate, steamed 2% milk",No,Yes,""
Hot Tea,Matcha Latte,Matcha Tea Latte,Short,8,110,3,2,0,17,0,15,6,105,55,No,"Matcha tea blend (green tea powder, sugar), steamed 2% milk",No,Yes,""
Hot Tea,Matcha Latte,Matcha Tea Latte,Tall,12,190,5,3,0,28,1,25,9,165,55,No,"Matcha tea blend, steamed 2% milk",No,Yes,""
Hot Tea,Matcha Latte,Matcha Tea Latte,Grande,16,240,7,4,0,36,1,33,12,210,80,No,"Matcha tea blend, steamed 2% milk",No,Yes,""
Hot Tea,Matcha Latte,Matcha Tea Latte,Venti,20,320,9,5,0,47,1,44,16,280,110,No,"Matcha tea blend, steamed 2% milk",No,Yes,""
Hot Tea,Black Tea Latte,Royal English Breakfast Tea Latte,Short,8,80,3,2,0,14,0,13,5,80,40,No,"English breakfast tea, steamed 2% milk, vanilla syrup",No,Yes,""
Hot Tea,Black Tea Latte,Royal English Breakfast Tea Latte,Tall,12,110,4,2,0,20,0,19,6,115,40,No,"English breakfast tea, steamed 2% milk, vanilla syrup",No,Yes,""
Hot Tea,Black Tea Latte,Royal English Breakfast Tea Latte,Grande,16,150,5,3,0,26,0,24,9,155,60,No,"English breakfast tea, steamed 2% milk, vanilla syrup",No,Yes,""
Hot Tea,Black Tea Latte,Royal English Breakfast Tea Latte,Venti,20,190,7,4,0,33,0,31,12,200,80,No,"English breakfast tea, steamed 2% milk, vanilla syrup",No,Yes,""
Hot Tea,Black Tea Latte,Teavana London Fog Tea Latte,Short,8,90,3,2,0,16,0,14,4,70,40,No,"Earl Grey tea, steamed 2% milk, vanilla syrup, lavender",No,Yes,""
Hot Tea,Black Tea Latte,Teavana London Fog Tea Latte,Tall,12,140,5,3,0,25,0,23,7,110,40,No,"Earl Grey tea, steamed 2% milk, vanilla syrup, lavender",No,Yes,""
Hot Tea,Black Tea Latte,Teavana London Fog Tea Latte,Grande,16,180,6,4,0,31,0,29,9,140,60,No,"Earl Grey tea, steamed 2% milk, vanilla syrup, lavender",No,Yes,""
Hot Tea,Black Tea Latte,Teavana London Fog Tea Latte,Venti,20,230,8,5,0,40,0,38,12,185,80,No,"Earl Grey tea, steamed 2% milk, vanilla syrup, lavender",No,Yes,""
Hot Tea,Specialty,Honey Citrus Mint Tea,Short,8,60,0,0,0,15,0,14,0,5,16,No,"Jade Citrus Mint tea, Peach Tranquility tea, lemonade, honey, hot water",Yes,Yes,"Medicine Ball tea"
Hot Tea,Specialty,Honey Citrus Mint Tea,Tall,12,80,0,0,0,19,0,18,0,10,16,No,"Jade Citrus Mint tea, Peach Tranquility tea, lemonade, honey, hot water",Yes,Yes,""
Hot Tea,Specialty,Honey Citrus Mint Tea,Grande,16,130,0,0,0,31,0,30,0,15,22,No,"Jade Citrus Mint tea, Peach Tranquility tea, lemonade, honey, hot water",Yes,Yes,""
Hot Tea,Specialty,Honey Citrus Mint Tea,Venti,20,150,0,0,0,37,0,35,0,20,32,No,"Jade Citrus Mint tea, Peach Tranquility tea, lemonade, honey, hot water",Yes,Yes,""
Hot Drinks,Hot Chocolate,Hot Chocolate,Short,8,190,7,5,0,32,1,28,8,130,15,No,"Mocha sauce, steamed 2% milk, vanilla syrup, whipped cream",No,Yes,""
Hot Drinks,Hot Chocolate,Hot Chocolate,Tall,12,280,10,7,0,47,2,41,12,190,20,No,"Mocha sauce, steamed 2% milk, vanilla syrup, whipped cream",No,Yes,""
Hot Drinks,Hot Chocolate,Hot Chocolate,Grande,16,370,14,9,0,62,2,55,16,260,25,No,"Mocha sauce, steamed 2% milk, vanilla syrup, whipped cream",No,Yes,""
Hot Drinks,Hot Chocolate,Hot Chocolate,Venti,20,450,17,11,0,76,3,67,19,320,30,No,"Mocha sauce, steamed 2% milk, vanilla syrup, whipped cream",No,Yes,""
Hot Drinks,Hot Chocolate,White Hot Chocolate,Short,8,240,9,6,0,37,0,37,9,175,0,No,"White chocolate mocha sauce, steamed 2% milk, whipped cream",No,Yes,"Highest cal hot drink"
Hot Drinks,Hot Chocolate,White Hot Chocolate,Tall,12,350,14,9,0,55,0,55,13,265,0,No,"White chocolate mocha sauce, steamed 2% milk, whipped cream",No,Yes,""
Hot Drinks,Hot Chocolate,White Hot Chocolate,Grande,16,440,17,11,0,70,0,70,17,335,0,No,"White chocolate mocha sauce, steamed 2% milk, whipped cream",No,Yes,""
Hot Drinks,Hot Chocolate,White Hot Chocolate,Venti,20,540,21,14,0,87,0,87,20,415,0,No,"White chocolate mocha sauce, steamed 2% milk, whipped cream",No,Yes,""
Hot Drinks,Steamer,Vanilla Creme Steamer,Short,8,190,7,4,0,30,0,29,7,110,0,No,"Steamed 2% milk, vanilla syrup, whipped cream",No,Yes,"Caffeine-free; kid-friendly"
Hot Drinks,Steamer,Vanilla Creme Steamer,Tall,12,280,10,6,0,44,0,43,10,165,0,No,"Steamed 2% milk, vanilla syrup, whipped cream",No,Yes,""
Hot Drinks,Steamer,Vanilla Creme Steamer,Grande,16,350,13,8,0,56,0,55,13,210,0,No,"Steamed 2% milk, vanilla syrup, whipped cream",No,Yes,""
Hot Drinks,Steamer,Vanilla Creme Steamer,Venti,20,430,16,10,0,69,0,68,16,260,0,No,"Steamed 2% milk, vanilla syrup, whipped cream",No,Yes,""
Hot Drinks,Steamer,Steamed Milk,Short,8,100,4,2,0,10,0,9,7,115,0,No,"Steamed 2% milk",No,Yes,"Pure steamed milk; no flavoring"
Hot Drinks,Steamer,Steamed Milk,Tall,12,160,6,4,0,15,0,14,11,175,0,No,"Steamed 2% milk",No,Yes,""
Hot Drinks,Steamer,Steamed Milk,Grande,16,200,7,5,0,19,0,17,13,225,0,No,"Steamed 2% milk",No,Yes,""
Hot Drinks,Steamer,Steamed Milk,Venti,20,260,9,6,0,25,0,22,17,290,0,No,"Steamed 2% milk",No,Yes,""
Hot Drinks,Steamer,Steamed Apple Juice,Short,8,120,0,0,0,30,0,27,0,25,0,No,"Apple juice, cinnamon dolce syrup",Yes,Yes,"Caffeine-free; kid-friendly"
Hot Drinks,Steamer,Steamed Apple Juice,Tall,12,170,0,0,0,43,0,39,0,35,0,No,"Apple juice, cinnamon dolce syrup",Yes,Yes,""
Hot Drinks,Steamer,Steamed Apple Juice,Grande,16,220,0,0,0,56,0,51,0,45,0,No,"Apple juice, cinnamon dolce syrup",Yes,Yes,""
Hot Drinks,Steamer,Steamed Apple Juice,Venti,20,280,0,0,0,71,0,65,0,55,0,No,"Apple juice, cinnamon dolce syrup",Yes,Yes,""
Hot Drinks,Specialty,Caramel Apple Spice,Short,8,220,5,3,0,42,0,40,5,90,0,No,"Steamed apple juice, cinnamon dolce syrup, whipped cream, caramel drizzle",Yes,Yes,"Caffeine-free"
Hot Drinks,Specialty,Caramel Apple Spice,Tall,12,310,7,4,0,60,0,57,7,130,0,No,"Steamed apple juice, cinnamon dolce syrup, whipped cream, caramel drizzle",Yes,Yes,""
Hot Drinks,Specialty,Caramel Apple Spice,Grande,16,380,9,5,0,74,0,71,9,165,0,No,"Steamed apple juice, cinnamon dolce syrup, whipped cream, caramel drizzle",Yes,Yes,""
Hot Drinks,Specialty,Caramel Apple Spice,Venti,20,460,10,6,0,90,0,86,11,200,0,No,"Steamed apple juice, cinnamon dolce syrup, whipped cream, caramel drizzle",Yes,Yes,""
Frappuccino,Coffee,Caramel Frappuccino,Tall,12,260,9,6,0,41,0,40,4,180,75,No,"Ice, 2% milk, coffee frappuccino syrup, caramel sauce, whipped cream, caramel drizzle",No,No,""
Frappuccino,Coffee,Caramel Frappuccino,Grande,16,380,14,9,0,60,0,59,5,260,95,No,"Ice, 2% milk, coffee frappuccino syrup, caramel sauce, whipped cream, caramel drizzle",No,No,""
Frappuccino,Coffee,Caramel Frappuccino,Venti,24,470,17,11,0,74,0,73,7,325,130,No,"Ice, 2% milk, coffee frappuccino syrup, caramel sauce, whipped cream, caramel drizzle",No,No,""
Frappuccino,Coffee,Coffee Frappuccino,Tall,12,160,2,1,0,28,0,26,5,140,75,No,"Ice, 2% milk, coffee frappuccino syrup",No,No,"Lower calorie frappuccino"
Frappuccino,Coffee,Coffee Frappuccino,Grande,16,230,3,2,0,41,0,40,7,200,95,No,"Ice, 2% milk, coffee frappuccino syrup",No,No,""
Frappuccino,Coffee,Coffee Frappuccino,Venti,24,310,4,3,0,55,0,53,9,270,130,No,"Ice, 2% milk, coffee frappuccino syrup",No,No,""
Frappuccino,Coffee,Caffe Vanilla Frappuccino,Tall,12,280,8,5,0,47,0,45,5,180,75,No,"Ice, 2% milk, coffee frappuccino syrup, vanilla bean powder, whipped cream",No,No,""
Frappuccino,Coffee,Caffe Vanilla Frappuccino,Grande,16,410,12,8,0,69,0,67,7,265,95,No,"Ice, 2% milk, coffee frappuccino syrup, vanilla bean powder, whipped cream",No,No,""
Frappuccino,Coffee,Caffe Vanilla Frappuccino,Venti,24,510,15,10,0,87,0,84,9,335,130,No,"Ice, 2% milk, coffee frappuccino syrup, vanilla bean powder, whipped cream",No,No,""
Frappuccino,Coffee,Espresso Frappuccino,Tall,12,140,1,0,0,26,0,25,5,145,155,No,"Ice, 2% milk, espresso, frappuccino syrup",No,No,""
Frappuccino,Coffee,Espresso Frappuccino,Grande,16,210,2,1,0,39,0,38,7,215,185,No,"Ice, 2% milk, espresso, frappuccino syrup",No,No,""
Frappuccino,Coffee,Espresso Frappuccino,Venti,24,290,3,2,0,53,0,52,9,295,250,No,"Ice, 2% milk, espresso, frappuccino syrup",No,No,""
Frappuccino,Coffee,Java Chip Frappuccino,Tall,12,320,13,8,0,49,2,47,5,210,75,No,"Ice, 2% milk, coffee frappuccino syrup, mocha sauce, Frappuccino chips, whipped cream, mocha drizzle",No,No,""
Frappuccino,Coffee,Java Chip Frappuccino,Grande,16,440,18,11,0,67,2,65,7,300,105,No,"Ice, 2% milk, coffee frappuccino syrup, mocha sauce, Frappuccino chips, whipped cream, mocha drizzle",No,No,""
Frappuccino,Coffee,Java Chip Frappuccino,Venti,24,560,23,14,0,86,3,83,9,390,145,No,"Ice, 2% milk, coffee frappuccino syrup, mocha sauce, Frappuccino chips, whipped cream, mocha drizzle",No,No,""
Frappuccino,Coffee,Mocha Frappuccino,Tall,12,250,8,5,0,43,1,41,5,210,95,No,"Ice, 2% milk, coffee frappuccino syrup, mocha sauce, whipped cream",No,No,""
Frappuccino,Coffee,Mocha Frappuccino,Grande,16,370,11,7,0,63,2,60,7,300,130,No,"Ice, 2% milk, coffee frappuccino syrup, mocha sauce, whipped cream",No,No,""
Frappuccino,Coffee,Mocha Frappuccino,Venti,24,470,14,9,0,80,2,77,9,390,180,No,"Ice, 2% milk, coffee frappuccino syrup, mocha sauce, whipped cream",No,No,""
Frappuccino,Coffee,White Chocolate Mocha Frappuccino,Tall,12,280,10,7,0,44,0,44,5,200,75,No,"Ice, 2% milk, coffee frappuccino syrup, white chocolate mocha sauce, whipped cream",No,No,""
Frappuccino,Coffee,White Chocolate Mocha Frappuccino,Grande,16,420,15,10,0,66,0,65,8,295,95,No,"Ice, 2% milk, coffee frappuccino syrup, white chocolate mocha sauce, whipped cream",No,No,""
Frappuccino,Coffee,White Chocolate Mocha Frappuccino,Venti,24,500,18,13,0,80,0,79,9,370,130,No,"Ice, 2% milk, coffee frappuccino syrup, white chocolate mocha sauce, whipped cream",No,No,""
Frappuccino,Coffee,Mocha Cookie Crumble Frappuccino,Tall,12,350,15,9,0,51,2,49,6,290,95,No,"Ice, 2% milk, coffee frappuccino syrup, mocha sauce, Frappuccino chips, cookie crumbles, whipped cream",No,No,""
Frappuccino,Coffee,Mocha Cookie Crumble Frappuccino,Grande,16,480,21,13,0,71,2,68,8,410,130,No,"Ice, 2% milk, coffee frappuccino syrup, mocha sauce, Frappuccino chips, cookie crumbles, whipped cream",No,No,""
Frappuccino,Coffee,Mocha Cookie Crumble Frappuccino,Venti,24,590,26,16,0,87,3,83,10,510,180,No,"Ice, 2% milk, coffee frappuccino syrup, mocha sauce, Frappuccino chips, cookie crumbles, whipped cream",No,No,""
Frappuccino,Coffee,Caramel Ribbon Crunch Frappuccino,Tall,12,330,12,8,0,53,0,52,5,240,65,No,"Ice, 2% milk, coffee frappuccino syrup, dark caramel sauce, caramel drizzle, caramel sugar, whipped cream",No,No,""
Frappuccino,Coffee,Caramel Ribbon Crunch Frappuccino,Grande,16,470,17,11,0,76,0,75,7,345,90,No,"Ice, 2% milk, coffee frappuccino syrup, dark caramel sauce, caramel drizzle, caramel sugar, whipped cream",No,No,""
Frappuccino,Coffee,Caramel Ribbon Crunch Frappuccino,Venti,24,570,21,14,0,93,0,91,9,430,130,No,"Ice, 2% milk, coffee frappuccino syrup, dark caramel sauce, caramel drizzle, caramel sugar, whipped cream",No,No,""
Frappuccino,Creme,Vanilla Bean Creme Frappuccino,Tall,12,260,8,5,0,43,0,42,4,150,0,No,"Ice, 2% milk, vanilla bean powder, whipped cream",No,No,"No caffeine"
Frappuccino,Creme,Vanilla Bean Creme Frappuccino,Grande,16,380,12,8,0,62,0,61,6,215,0,No,"Ice, 2% milk, vanilla bean powder, whipped cream",No,No,""
Frappuccino,Creme,Vanilla Bean Creme Frappuccino,Venti,24,470,15,10,0,77,0,75,7,270,0,No,"Ice, 2% milk, vanilla bean powder, whipped cream",No,No,""
Frappuccino,Creme,Strawberry Creme Frappuccino,Tall,12,250,8,5,0,43,0,40,4,140,0,No,"Ice, 2% milk, strawberry puree, classic syrup, whipped cream",No,No,"No caffeine"
Frappuccino,Creme,Strawberry Creme Frappuccino,Grande,16,370,12,8,0,63,0,59,6,200,0,No,"Ice, 2% milk, strawberry puree, classic syrup, whipped cream",No,No,""
Frappuccino,Creme,Strawberry Creme Frappuccino,Venti,24,460,15,10,0,79,0,74,7,255,0,No,"Ice, 2% milk, strawberry puree, classic syrup, whipped cream",No,No,""
Frappuccino,Creme,Double Chocolaty Chip Creme Frappuccino,Tall,12,290,12,8,0,44,1,42,4,180,15,No,"Ice, 2% milk, mocha sauce, Frappuccino chips, whipped cream, mocha drizzle",No,No,"Minimal caffeine from chips"
Frappuccino,Creme,Double Chocolaty Chip Creme Frappuccino,Grande,16,410,17,11,0,63,2,60,6,260,20,No,"Ice, 2% milk, mocha sauce, Frappuccino chips, whipped cream, mocha drizzle",No,No,""
Frappuccino,Creme,Double Chocolaty Chip Creme Frappuccino,Venti,24,510,21,14,0,79,2,76,8,325,25,No,"Ice, 2% milk, mocha sauce, Frappuccino chips, whipped cream, mocha drizzle",No,No,""
Frappuccino,Creme,Matcha Creme Frappuccino,Tall,12,300,10,7,0,50,0,47,5,170,70,No,"Ice, 2% milk, matcha tea blend, classic syrup, whipped cream",No,No,""
Frappuccino,Creme,Matcha Creme Frappuccino,Grande,16,420,14,9,0,72,1,68,7,240,95,No,"Ice, 2% milk, matcha tea blend, classic syrup, whipped cream",No,No,""
Frappuccino,Creme,Matcha Creme Frappuccino,Venti,24,520,18,12,0,90,1,85,9,300,125,No,"Ice, 2% milk, matcha tea blend, classic syrup, whipped cream",No,No,""
Frappuccino,Creme,White Chocolate Creme Frappuccino,Tall,12,250,8,6,0,41,0,41,4,190,0,No,"Ice, 2% milk, white chocolate mocha sauce, whipped cream",No,No,"No caffeine"
Frappuccino,Creme,White Chocolate Creme Frappuccino,Grande,16,380,12,9,0,62,0,62,7,290,0,No,"Ice, 2% milk, white chocolate mocha sauce, whipped cream",No,No,""
Frappuccino,Creme,White Chocolate Creme Frappuccino,Venti,24,450,15,11,0,75,0,75,8,360,0,No,"Ice, 2% milk, white chocolate mocha sauce, whipped cream",No,No,""
Frappuccino,Creme,Chai Creme Frappuccino,Tall,12,230,8,5,0,37,0,35,4,140,40,No,"Ice, 2% milk, chai tea concentrate, classic syrup, whipped cream",No,No,""
Frappuccino,Creme,Chai Creme Frappuccino,Grande,16,340,11,8,0,55,0,53,6,200,55,No,"Ice, 2% milk, chai tea concentrate, classic syrup, whipped cream",No,No,""
Frappuccino,Creme,Chai Creme Frappuccino,Venti,24,420,15,10,0,68,0,66,7,255,70,No,"Ice, 2% milk, chai tea concentrate, classic syrup, whipped cream",No,No,""
Frappuccino,Creme,Chocolate Cookie Crumble Creme Frappuccino,Tall,12,330,14,9,0,49,2,46,5,240,15,No,"Ice, 2% milk, mocha sauce, Frappuccino chips, chocolate cookie crumbles, whipped cream",No,No,""
Frappuccino,Creme,Chocolate Cookie Crumble Creme Frappuccino,Grande,16,460,19,13,0,68,2,65,7,340,20,No,"Ice, 2% milk, mocha sauce, Frappuccino chips, chocolate cookie crumbles, whipped cream",No,No,""
Frappuccino,Creme,Chocolate Cookie Crumble Creme Frappuccino,Venti,24,560,25,16,0,84,3,81,9,425,25,No,"Ice, 2% milk, mocha sauce, Frappuccino chips, chocolate cookie crumbles, whipped cream",No,No,""
Frappuccino,Creme,Caramel Ribbon Crunch Creme Frappuccino,Tall,12,300,11,7,0,49,0,49,4,230,0,No,"Ice, 2% milk, dark caramel sauce, caramel drizzle, caramel sugar, whipped cream",No,No,"No caffeine"
Frappuccino,Creme,Caramel Ribbon Crunch Creme Frappuccino,Grande,16,420,15,10,0,70,0,70,6,330,0,No,"Ice, 2% milk, dark caramel sauce, caramel drizzle, caramel sugar, whipped cream",No,No,""
Frappuccino,Creme,Caramel Ribbon Crunch Creme Frappuccino,Venti,24,510,19,13,0,86,0,86,8,415,0,No,"Ice, 2% milk, dark caramel sauce, caramel drizzle, caramel sugar, whipped cream",No,No,""
Cold Coffee,Iced Espresso,Iced Caffe Americano,Tall,12,10,0,0,0,2,0,0,0,10,150,No,"Espresso shots, cold water, ice",Yes,Yes,""
Cold Coffee,Iced Espresso,Iced Caffe Americano,Grande,16,15,0,0,0,3,0,0,1,15,225,No,"Espresso shots, cold water, ice",Yes,Yes,""
Cold Coffee,Iced Espresso,Iced Caffe Americano,Venti,24,15,0,0,0,3,0,0,1,25,300,No,"Espresso shots, cold water, ice",Yes,Yes,""
Cold Coffee,Iced Espresso,Iced Caffe Latte,Tall,12,100,4,2,0,11,0,10,7,100,75,No,"Espresso, 2% milk, ice",No,Yes,""
Cold Coffee,Iced Espresso,Iced Caffe Latte,Grande,16,130,5,3,0,14,0,13,9,130,150,No,"Espresso, 2% milk, ice",No,Yes,""
Cold Coffee,Iced Espresso,Iced Caffe Latte,Venti,24,180,7,4,0,19,0,18,12,180,225,No,"Espresso, 2% milk, ice",No,Yes,""
Cold Coffee,Iced Espresso,Iced Caramel Macchiato,Tall,12,180,6,3,0,29,0,27,7,115,75,No,"Espresso, 2% milk, vanilla syrup, caramel sauce, ice",No,Yes,""
Cold Coffee,Iced Espresso,Iced Caramel Macchiato,Grande,16,250,7,4,0,40,0,38,10,160,150,No,"Espresso, 2% milk, vanilla syrup, caramel sauce, ice",No,Yes,""
Cold Coffee,Iced Espresso,Iced Caramel Macchiato,Venti,24,350,10,5,0,56,0,53,14,225,225,No,"Espresso, 2% milk, vanilla syrup, caramel sauce, ice",No,Yes,""
Cold Coffee,Iced Espresso,Iced Flat White,Tall,12,110,6,4,0,12,0,11,6,120,130,No,"Ristretto espresso, whole milk, ice",No,Yes,""
Cold Coffee,Iced Espresso,Iced Flat White,Grande,16,150,8,5,0,16,0,15,9,165,195,No,"Ristretto espresso, whole milk, ice",No,Yes,""
Cold Coffee,Iced Espresso,Iced Flat White,Venti,24,220,12,7,0,23,0,22,13,245,260,No,"Ristretto espresso, whole milk, ice",No,Yes,""
Cold Coffee,Iced Espresso,Iced Blonde Vanilla Latte,Tall,12,140,5,3,0,22,0,20,7,110,85,No,"Blonde espresso, 2% milk, vanilla syrup, ice",No,Yes,""
Cold Coffee,Iced Espresso,Iced Blonde Vanilla Latte,Grande,16,190,7,4,0,29,0,28,9,150,170,No,"Blonde espresso, 2% milk, vanilla syrup, ice",No,Yes,""
Cold Coffee,Iced Espresso,Iced Blonde Vanilla Latte,Venti,24,270,10,6,0,41,0,39,13,215,255,No,"Blonde espresso, 2% milk, vanilla syrup, ice",No,Yes,""
Cold Coffee,Iced Espresso,Iced Mocha,Tall,12,260,9,5,0,40,1,37,8,185,75,No,"Espresso, 2% milk, mocha sauce, whipped cream, ice",No,Yes,""
Cold Coffee,Iced Espresso,Iced Mocha,Grande,16,350,13,7,0,55,2,51,11,255,150,No,"Espresso, 2% milk, mocha sauce, whipped cream, ice",No,Yes,""
Cold Coffee,Iced Espresso,Iced Mocha,Venti,24,450,17,9,0,71,2,66,14,335,225,No,"Espresso, 2% milk, mocha sauce, whipped cream, ice",No,Yes,""
Cold Coffee,Iced Espresso,Iced White Chocolate Mocha,Tall,12,310,12,7,0,48,0,47,9,220,75,No,"Espresso, 2% milk, white chocolate mocha sauce, whipped cream, ice",No,Yes,""
Cold Coffee,Iced Espresso,Iced White Chocolate Mocha,Grande,16,420,16,10,0,65,0,64,12,305,150,No,"Espresso, 2% milk, white chocolate mocha sauce, whipped cream, ice",No,Yes,""
Cold Coffee,Iced Espresso,Iced White Chocolate Mocha,Venti,24,560,21,14,0,86,0,85,16,410,225,No,"Espresso, 2% milk, white chocolate mocha sauce, whipped cream, ice",No,Yes,""
Cold Coffee,Shaken Espresso,Iced Shaken Espresso,Tall,12,80,0,0,0,16,0,15,1,70,255,No,"Espresso, classic syrup, 2% milk, ice",No,Yes,"Shaken with ice"
Cold Coffee,Shaken Espresso,Iced Shaken Espresso,Grande,16,100,0,0,0,21,0,20,1,90,340,No,"Espresso, classic syrup, 2% milk, ice",No,Yes,""
Cold Coffee,Shaken Espresso,Iced Shaken Espresso,Venti,24,160,1,0,0,33,0,31,2,140,510,No,"Espresso, classic syrup, 2% milk, ice",No,Yes,""
Cold Coffee,Shaken Espresso,Iced Brown Sugar Oatmilk Shaken Espresso,Tall,12,100,2,0,0,18,1,14,2,80,255,No,"Espresso, brown sugar syrup, oat milk, cinnamon, ice",Yes,Yes,"Top seller"
Cold Coffee,Shaken Espresso,Iced Brown Sugar Oatmilk Shaken Espresso,Grande,16,120,2,0,0,24,1,19,3,100,340,No,"Espresso, brown sugar syrup, oat milk, cinnamon, ice",Yes,Yes,""
Cold Coffee,Shaken Espresso,Iced Brown Sugar Oatmilk Shaken Espresso,Venti,24,190,4,0,0,36,2,28,4,155,510,No,"Espresso, brown sugar syrup, oat milk, cinnamon, ice",Yes,Yes,""
Cold Coffee,Shaken Espresso,Iced Hazelnut Oatmilk Shaken Espresso,Tall,12,100,2,0,0,20,1,14,2,80,255,No,"Espresso, hazelnut syrup, oat milk, ice",Yes,Yes,""
Cold Coffee,Shaken Espresso,Iced Hazelnut Oatmilk Shaken Espresso,Grande,16,150,3,0,0,28,1,22,3,110,340,No,"Espresso, hazelnut syrup, oat milk, ice",Yes,Yes,""
Cold Coffee,Shaken Espresso,Iced Hazelnut Oatmilk Shaken Espresso,Venti,24,220,4,1,0,41,2,32,4,165,510,No,"Espresso, hazelnut syrup, oat milk, ice",Yes,Yes,""
Cold Coffee,Iced Coffee,Iced Coffee,Tall,12,60,0,0,0,15,0,14,1,10,120,No,"Brewed coffee, ice",Yes,Yes,""
Cold Coffee,Iced Coffee,Iced Coffee,Grande,16,80,0,0,0,20,0,18,1,15,165,No,"Brewed coffee, ice",Yes,Yes,""
Cold Coffee,Iced Coffee,Iced Coffee,Venti,24,120,0,0,0,30,0,27,2,20,235,No,"Brewed coffee, ice",Yes,Yes,""
Cold Coffee,Iced Coffee,Iced Coffee,Trenta,30,160,0,0,0,40,0,36,2,25,285,No,"Brewed coffee, ice",Yes,Yes,""
Cold Coffee,Iced Coffee,Iced Coffee with Milk,Tall,12,80,2,1,0,16,0,15,2,30,120,No,"Brewed coffee, 2% milk, ice",No,Yes,""
Cold Coffee,Iced Coffee,Iced Coffee with Milk,Grande,16,110,3,2,0,21,0,20,3,40,165,No,"Brewed coffee, 2% milk, ice",No,Yes,""
Cold Coffee,Iced Coffee,Iced Coffee with Milk,Venti,24,170,5,3,0,32,0,30,5,65,235,No,"Brewed coffee, 2% milk, ice",No,Yes,""
Cold Coffee,Iced Coffee,Iced Coffee with Milk,Trenta,30,230,7,4,0,44,0,41,7,85,285,No,"Brewed coffee, 2% milk, ice",No,Yes,""
Cold Coffee,Cold Brew,Cold Brew Coffee,Tall,12,5,0,0,0,0,0,0,0,10,155,No,"Cold brew coffee blend, water, ice",Yes,Yes,"Steeped 20+ hours; smooth low-acid"
Cold Coffee,Cold Brew,Cold Brew Coffee,Grande,16,5,0,0,0,0,0,0,1,15,205,No,"Cold brew coffee blend, water, ice",Yes,Yes,""
Cold Coffee,Cold Brew,Cold Brew Coffee,Venti,24,5,0,0,0,0,0,0,1,20,310,No,"Cold brew coffee blend, water, ice",Yes,Yes,""
Cold Coffee,Cold Brew,Cold Brew Coffee,Trenta,30,5,0,0,0,1,0,0,1,25,360,No,"Cold brew coffee blend, water, ice",Yes,Yes,""
Cold Coffee,Cold Brew,Cold Brew Coffee with Milk,Tall,12,25,1,0,0,2,0,2,2,35,155,No,"Cold brew, 2% milk, ice",No,Yes,""
Cold Coffee,Cold Brew,Cold Brew Coffee with Milk,Grande,16,35,1,1,0,3,0,2,2,45,205,No,"Cold brew, 2% milk, ice",No,Yes,""
Cold Coffee,Cold Brew,Cold Brew Coffee with Milk,Venti,24,60,2,1,0,5,0,4,4,75,310,No,"Cold brew, 2% milk, ice",No,Yes,""
Cold Coffee,Cold Brew,Cold Brew Coffee with Milk,Trenta,30,70,2,1,0,6,0,6,5,90,360,No,"Cold brew, 2% milk, ice",No,Yes,""
Cold Coffee,Cold Brew,Nitro Cold Brew,Tall,12,5,0,0,0,0,0,0,0,15,215,No,"Cold brew coffee infused with nitrogen gas",Yes,Yes,"Creamy texture; no ice added"
Cold Coffee,Cold Brew,Nitro Cold Brew,Grande,16,5,0,0,0,0,0,0,1,20,280,No,"Cold brew coffee infused with nitrogen gas",Yes,Yes,""
Cold Coffee,Cold Brew,Vanilla Sweet Cream Cold Brew,Tall,12,90,5,3,0,12,0,12,1,50,185,No,"Cold brew, vanilla syrup, vanilla sweet cream, ice",No,Yes,""
Cold Coffee,Cold Brew,Vanilla Sweet Cream Cold Brew,Grande,16,110,6,4,0,14,0,14,1,60,275,No,"Cold brew, vanilla syrup, vanilla sweet cream, ice",No,Yes,""
Cold Coffee,Cold Brew,Vanilla Sweet Cream Cold Brew,Venti,24,200,11,7,0,26,0,26,2,110,415,No,"Cold brew, vanilla syrup, vanilla sweet cream, ice",No,Yes,""
Cold Coffee,Cold Brew,Vanilla Sweet Cream Cold Brew,Trenta,30,220,13,8,0,28,0,28,2,125,470,No,"Cold brew, vanilla syrup, vanilla sweet cream, ice",No,Yes,""
Cold Coffee,Cold Brew,Vanilla Sweet Cream Nitro Cold Brew,Tall,12,70,5,3,0,8,0,8,1,55,215,No,"Nitro cold brew, vanilla syrup, vanilla sweet cream",No,Yes,""
Cold Coffee,Cold Brew,Vanilla Sweet Cream Nitro Cold Brew,Grande,16,70,5,3,0,8,0,8,1,60,280,No,"Nitro cold brew, vanilla syrup, vanilla sweet cream",No,Yes,""
Cold Coffee,Cold Brew,Salted Caramel Cream Cold Brew,Tall,12,190,7,5,0,30,0,29,2,195,185,No,"Cold brew, caramel syrup, salted cream cold foam, ice",No,Yes,""
Cold Coffee,Cold Brew,Salted Caramel Cream Cold Brew,Grande,16,240,9,6,0,37,0,36,2,245,275,No,"Cold brew, caramel syrup, salted cream cold foam, ice",No,Yes,""
Cold Coffee,Cold Brew,Salted Caramel Cream Cold Brew,Venti,24,270,10,7,0,42,0,41,3,280,415,No,"Cold brew, caramel syrup, salted cream cold foam, ice",No,Yes,""
Cold Coffee,Cold Brew,Salted Caramel Cream Cold Brew,Trenta,30,300,12,8,0,47,0,46,3,315,470,No,"Cold brew, caramel syrup, salted cream cold foam, ice",No,Yes,""
Cold Coffee,Cold Brew,Chocolate Cream Cold Brew,Tall,12,190,8,5,0,27,1,25,3,170,185,No,"Cold brew, vanilla syrup, chocolate cream cold foam, mocha drizzle, ice",No,Yes,""
Cold Coffee,Cold Brew,Chocolate Cream Cold Brew,Grande,16,250,11,7,0,35,1,33,4,220,275,No,"Cold brew, vanilla syrup, chocolate cream cold foam, mocha drizzle, ice",No,Yes,""
Cold Coffee,Cold Brew,Chocolate Cream Cold Brew,Venti,24,300,13,9,0,42,1,40,5,265,415,No,"Cold brew, vanilla syrup, chocolate cream cold foam, mocha drizzle, ice",No,Yes,""
Cold Coffee,Cold Brew,Chocolate Cream Cold Brew,Trenta,30,320,14,9,0,45,1,43,5,285,470,No,"Cold brew, vanilla syrup, chocolate cream cold foam, mocha drizzle, ice",No,Yes,""
Cold Coffee,Cold Brew,Cinnamon Caramel Cream Cold Brew,Tall,12,200,8,5,0,30,0,29,2,200,185,No,"Cold brew, cinnamon dolce syrup, cinnamon caramel cream cold foam, ice",No,Yes,""
Cold Coffee,Cold Brew,Cinnamon Caramel Cream Cold Brew,Grande,16,250,10,6,0,38,0,37,3,250,275,No,"Cold brew, cinnamon dolce syrup, cinnamon caramel cream cold foam, ice",No,Yes,""
Cold Coffee,Cold Brew,Cinnamon Caramel Cream Cold Brew,Venti,24,270,11,7,0,40,0,39,3,270,415,No,"Cold brew, cinnamon dolce syrup, cinnamon caramel cream cold foam, ice",No,Yes,""
Cold Coffee,Cold Brew,Cinnamon Caramel Cream Cold Brew,Trenta,30,340,13,8,0,51,0,50,4,340,470,No,"Cold brew, cinnamon dolce syrup, cinnamon caramel cream cold foam, ice",No,Yes,""
Cold Coffee,Cold Brew,Cinnamon Caramel Cream Nitro Cold Brew,Tall,12,180,8,5,0,27,0,27,2,195,215,No,"Nitro cold brew, cinnamon dolce syrup, cinnamon caramel cream cold foam",No,Yes,""
Cold Coffee,Cold Brew,Cinnamon Caramel Cream Nitro Cold Brew,Grande,16,260,12,8,0,38,0,37,3,285,280,No,"Nitro cold brew, cinnamon dolce syrup, cinnamon caramel cream cold foam",No,Yes,""
Cold Coffee,Reserve,Starbucks Reserve Cold Brew,Tall,12,5,0,0,0,0,0,0,0,10,200,No,"Reserve cold brew blend, water, ice",Yes,Yes,"Reserve bars only"
Cold Coffee,Reserve,Starbucks Reserve Cold Brew,Grande,16,5,0,0,0,0,0,0,1,15,265,No,"Reserve cold brew blend, water, ice",Yes,Yes,""
Cold Coffee,Reserve,Starbucks Reserve Nitro Cold Brew,Tall,12,5,0,0,0,0,0,0,0,15,265,No,"Reserve cold brew, nitrogen infused",Yes,Yes,"Reserve bars only"
Cold Coffee,Reserve,Starbucks Reserve Iced Latte,Tall,12,150,8,5,0,14,0,13,7,130,195,No,"Reserve espresso, whole milk, ice",No,Yes,""
Cold Coffee,Reserve,Starbucks Reserve Iced Latte,Grande,16,210,11,7,0,19,0,18,10,185,260,No,"Reserve espresso, whole milk, ice",No,Yes,""
Cold Coffee,Reserve,Starbucks Reserve Iced Dark Chocolate Mocha,Tall,12,210,8,5,0,31,2,28,7,185,175,No,"Reserve espresso, dark chocolate sauce, steamed 2% milk, ice",No,Yes,""
Cold Coffee,Reserve,Starbucks Reserve Iced Dark Chocolate Mocha,Grande,16,260,10,6,0,39,3,35,9,235,230,No,"Reserve espresso, dark chocolate sauce, steamed 2% milk, ice",No,Yes,""
Cold Coffee,Reserve,Starbucks Reserve Iced Hazelnut Bianco Latte,Tall,12,210,11,6,0,27,0,26,7,135,195,No,"Reserve espresso, hazelnut praline sauce, whole milk, ice",No,Yes,""
Cold Coffee,Reserve,Starbucks Reserve Iced Hazelnut Bianco Latte,Grande,16,280,14,8,0,36,0,35,10,185,260,No,"Reserve espresso, hazelnut praline sauce, whole milk, ice",No,Yes,""
Cold Coffee,Reserve,Oleato Golden Foam Cold Brew,Tall,12,330,20,4,0,28,0,23,3,115,185,No,"Cold brew, golden olive oil foam (olive oil, vanilla syrup, oat milk)",Yes,Yes,"Olive oil cold foam"
Cold Coffee,Reserve,Oleato Golden Foam Cold Brew,Grande,16,380,23,5,0,35,0,29,3,140,275,No,"Cold brew, golden olive oil foam",Yes,Yes,""
Cold Coffee,Reserve,Oleato Golden Foam Cold Brew,Venti,24,400,24,5,0,38,0,32,4,150,415,No,"Cold brew, golden olive oil foam",Yes,Yes,""
Cold Coffee,Reserve,Oleato Golden Foam Cold Brew,Trenta,30,450,27,6,0,42,0,36,4,170,470,No,"Cold brew, golden olive oil foam",Yes,Yes,""
Cold Coffee,Reserve,Oleato Golden Foam Iced Shaken Espresso,Tall,12,310,19,3,0,34,0,30,3,170,255,No,"Espresso, toffee nut syrup, golden olive oil foam, ice",Yes,Yes,""
Cold Coffee,Reserve,Oleato Golden Foam Iced Shaken Espresso,Grande,16,360,22,4,0,40,0,36,4,200,340,No,"Espresso, toffee nut syrup, golden olive oil foam, ice",Yes,Yes,""
Cold Coffee,Reserve,Iced Caffe Americano (Reserve),Tall,12,10,0,0,0,2,0,0,0,10,150,No,"Reserve espresso, cold water, ice",Yes,Yes,""
Iced Tea,Black Tea,Iced Black Tea,Tall,12,0,0,0,0,0,0,0,0,10,25,No,"Black tea, water, ice",Yes,Yes,"Unsweetened by default"
Iced Tea,Black Tea,Iced Black Tea,Grande,16,0,0,0,0,0,0,0,0,15,35,No,"Black tea, water, ice",Yes,Yes,""
Iced Tea,Black Tea,Iced Black Tea,Venti,24,0,0,0,0,0,0,0,0,20,50,No,"Black tea, water, ice",Yes,Yes,""
Iced Tea,Black Tea,Iced Black Tea,Trenta,30,0,0,0,0,0,0,0,0,25,65,No,"Black tea, water, ice",Yes,Yes,""
Iced Tea,Black Tea,Iced Black Tea Lemonade,Tall,12,35,0,0,0,9,0,8,0,10,25,No,"Black tea, lemonade, ice",Yes,Yes,""
Iced Tea,Black Tea,Iced Black Tea Lemonade,Grande,16,50,0,0,0,13,0,12,0,15,35,No,"Black tea, lemonade, ice",Yes,Yes,""
Iced Tea,Black Tea,Iced Black Tea Lemonade,Venti,24,70,0,0,0,18,0,17,0,20,50,No,"Black tea, lemonade, ice",Yes,Yes,""
Iced Tea,Black Tea,Iced Black Tea Lemonade,Trenta,30,90,0,0,0,24,0,23,0,25,65,No,"Black tea, lemonade, ice",Yes,Yes,""
Iced Tea,Green Tea,Iced Green Tea,Tall,12,0,0,0,0,0,0,0,0,10,25,No,"Green tea, water, ice",Yes,Yes,"Unsweetened by default"
Iced Tea,Green Tea,Iced Green Tea,Grande,16,0,0,0,0,0,0,0,0,15,35,No,"Green tea, water, ice",Yes,Yes,""
Iced Tea,Green Tea,Iced Green Tea,Venti,24,0,0,0,0,0,0,0,0,20,50,No,"Green tea, water, ice",Yes,Yes,""
Iced Tea,Green Tea,Iced Green Tea,Trenta,30,0,0,0,0,0,0,0,0,25,65,No,"Green tea, water, ice",Yes,Yes,""
Iced Tea,Green Tea,Iced Green Tea Lemonade,Tall,12,35,0,0,0,9,0,8,0,10,25,No,"Green tea, lemonade, ice",Yes,Yes,""
Iced Tea,Green Tea,Iced Green Tea Lemonade,Grande,16,50,0,0,0,13,0,12,0,15,35,No,"Green tea, lemonade, ice",Yes,Yes,""
Iced Tea,Green Tea,Iced Green Tea Lemonade,Venti,24,70,0,0,0,18,0,17,0,20,50,No,"Green tea, lemonade, ice",Yes,Yes,""
Iced Tea,Green Tea,Iced Green Tea Lemonade,Trenta,30,90,0,0,0,24,0,23,0,25,65,No,"Green tea, lemonade, ice",Yes,Yes,""
Iced Tea,Herbal Tea,Iced Passion Tango Tea,Tall,12,0,0,0,0,0,0,0,0,10,0,No,"Hibiscus tea blend (hibiscus, apple, cinnamon, licorice root), water, ice",Yes,Yes,"Caffeine-free; vibrant pink"
Iced Tea,Herbal Tea,Iced Passion Tango Tea,Grande,16,0,0,0,0,0,0,0,0,15,0,No,"Hibiscus tea blend, water, ice",Yes,Yes,""
Iced Tea,Herbal Tea,Iced Passion Tango Tea,Venti,24,0,0,0,0,0,0,0,0,20,0,No,"Hibiscus tea blend, water, ice",Yes,Yes,""
Iced Tea,Herbal Tea,Iced Passion Tango Tea,Trenta,30,0,0,0,0,0,0,0,0,25,0,No,"Hibiscus tea blend, water, ice",Yes,Yes,""
Iced Tea,Herbal Tea,Iced Passion Tango Tea Lemonade,Tall,12,35,0,0,0,9,0,8,0,10,0,No,"Hibiscus tea blend, lemonade, ice",Yes,Yes,"Caffeine-free"
Iced Tea,Herbal Tea,Iced Passion Tango Tea Lemonade,Grande,16,50,0,0,0,13,0,12,0,15,0,No,"Hibiscus tea blend, lemonade, ice",Yes,Yes,""
Iced Tea,Herbal Tea,Iced Passion Tango Tea Lemonade,Venti,24,70,0,0,0,18,0,17,0,20,0,No,"Hibiscus tea blend, lemonade, ice",Yes,Yes,""
Iced Tea,Herbal Tea,Iced Passion Tango Tea Lemonade,Trenta,30,90,0,0,0,24,0,23,0,25,0,No,"Hibiscus tea blend, lemonade, ice",Yes,Yes,""
Iced Tea,Peach Tea,Iced Peach Green Tea,Tall,12,45,0,0,0,11,0,10,0,10,25,No,"Green tea, peach juice, water, ice",Yes,Yes,""
Iced Tea,Peach Tea,Iced Peach Green Tea,Grande,16,60,0,0,0,15,0,14,0,15,35,No,"Green tea, peach juice, water, ice",Yes,Yes,""
Iced Tea,Peach Tea,Iced Peach Green Tea,Venti,24,90,0,0,0,23,0,22,0,20,50,No,"Green tea, peach juice, water, ice",Yes,Yes,""
Iced Tea,Peach Tea,Iced Peach Green Tea,Trenta,30,120,0,0,0,30,0,28,0,25,65,No,"Green tea, peach juice, water, ice",Yes,Yes,""
Iced Tea,Peach Tea,Iced Peach Green Tea Lemonade,Tall,12,60,0,0,0,16,0,15,0,10,25,No,"Green tea, peach juice, lemonade, ice",Yes,Yes,""
Iced Tea,Peach Tea,Iced Peach Green Tea Lemonade,Grande,16,80,0,0,0,21,0,20,0,15,35,No,"Green tea, peach juice, lemonade, ice",Yes,Yes,""
Iced Tea,Peach Tea,Iced Peach Green Tea Lemonade,Venti,24,130,0,0,0,33,0,32,0,20,50,No,"Green tea, peach juice, lemonade, ice",Yes,Yes,""
Iced Tea,Peach Tea,Iced Peach Green Tea Lemonade,Trenta,30,170,0,0,0,43,0,42,0,25,65,No,"Green tea, peach juice, lemonade, ice",Yes,Yes,""
Iced Tea,Chai Latte,Iced Chai Tea Latte,Tall,12,180,5,3,0,30,0,28,7,115,40,No,"Chai tea concentrate, 2% milk, ice",No,Yes,""
Iced Tea,Chai Latte,Iced Chai Tea Latte,Grande,16,240,6,4,0,40,0,38,9,155,55,No,"Chai tea concentrate, 2% milk, ice",No,Yes,""
Iced Tea,Chai Latte,Iced Chai Tea Latte,Venti,24,350,9,5,0,58,0,55,14,225,80,No,"Chai tea concentrate, 2% milk, ice",No,Yes,""
Iced Tea,Matcha Latte,Iced Matcha Tea Latte,Tall,12,140,5,3,0,20,1,18,6,115,55,No,"Matcha tea blend, 2% milk, ice",No,Yes,""
Iced Tea,Matcha Latte,Iced Matcha Tea Latte,Grande,16,200,6,4,0,28,1,25,8,160,80,No,"Matcha tea blend, 2% milk, ice",No,Yes,""
Iced Tea,Matcha Latte,Iced Matcha Tea Latte,Venti,24,280,9,5,0,39,2,35,12,225,110,No,"Matcha tea blend, 2% milk, ice",No,Yes,""
Iced Tea,Matcha Latte,Iced Matcha Tea Lemonade,Tall,12,90,1,0,0,20,1,18,3,80,55,No,"Matcha tea blend, lemonade, ice",Yes,Yes,""
Iced Tea,Matcha Latte,Iced Matcha Tea Lemonade,Grande,16,120,2,1,0,27,1,24,5,110,80,No,"Matcha tea blend, lemonade, ice",Yes,Yes,""
Iced Tea,Matcha Latte,Iced Matcha Tea Lemonade,Venti,24,170,3,1,0,39,2,35,7,155,110,No,"Matcha tea blend, lemonade, ice",Yes,Yes,""
Iced Tea,Matcha Latte,Iced Matcha Tea Lemonade,Trenta,30,190,3,1,0,44,2,39,8,175,145,No,"Matcha tea blend, lemonade, ice",Yes,Yes,""
Iced Tea,London Fog,Iced London Fog Tea Latte,Tall,12,100,4,2,0,18,0,16,4,75,40,No,"Earl Grey tea, vanilla syrup, 2% milk, ice",No,Yes,""
Iced Tea,London Fog,Iced London Fog Tea Latte,Grande,16,140,5,3,0,24,0,22,6,105,55,No,"Earl Grey tea, vanilla syrup, 2% milk, ice",No,Yes,""
Iced Tea,London Fog,Iced London Fog Tea Latte,Venti,24,210,8,4,0,36,0,33,9,160,80,No,"Earl Grey tea, vanilla syrup, 2% milk, ice",No,Yes,""
Iced Tea,Royal English Breakfast,Iced Royal English Breakfast Tea Latte,Tall,12,100,4,2,0,17,0,15,5,75,40,No,"English breakfast tea, vanilla syrup, 2% milk, ice",No,Yes,""
Iced Tea,Royal English Breakfast,Iced Royal English Breakfast Tea Latte,Grande,16,140,5,3,0,24,0,22,7,110,55,No,"English breakfast tea, vanilla syrup, 2% milk, ice",No,Yes,""
Cold Drinks,Refreshers,Strawberry Acai Refresher,Tall,12,80,0,0,0,19,0,17,0,25,45,No,"Strawberry acai base, freeze-dried strawberries, ice",Yes,Yes,"Light caffeine from green coffee extract"
Cold Drinks,Refreshers,Strawberry Acai Refresher,Grande,16,100,0,0,0,25,0,23,0,35,60,No,"Strawberry acai base, freeze-dried strawberries, ice",Yes,Yes,""
Cold Drinks,Refreshers,Strawberry Acai Refresher,Venti,24,140,0,0,0,35,0,33,0,50,85,No,"Strawberry acai base, freeze-dried strawberries, ice",Yes,Yes,""
Cold Drinks,Refreshers,Strawberry Acai Refresher,Trenta,30,190,0,0,0,46,0,44,0,65,110,No,"Strawberry acai base, freeze-dried strawberries, ice",Yes,Yes,""
Cold Drinks,Refreshers,Strawberry Acai Lemonade Refresher,Tall,12,110,0,0,0,27,0,25,0,25,45,No,"Strawberry acai base, lemonade, freeze-dried strawberries, ice",Yes,Yes,""
Cold Drinks,Refreshers,Strawberry Acai Lemonade Refresher,Grande,16,140,0,0,0,35,0,33,0,35,60,No,"Strawberry acai base, lemonade, freeze-dried strawberries, ice",Yes,Yes,""
Cold Drinks,Refreshers,Strawberry Acai Lemonade Refresher,Venti,24,210,0,0,0,53,0,50,0,50,85,No,"Strawberry acai base, lemonade, freeze-dried strawberries, ice",Yes,Yes,""
Cold Drinks,Refreshers,Strawberry Acai Lemonade Refresher,Trenta,30,290,0,0,0,73,0,69,0,65,110,No,"Strawberry acai base, lemonade, freeze-dried strawberries, ice",Yes,Yes,""
Cold Drinks,Refreshers,Pink Drink,Tall,12,110,2,2,0,24,0,22,1,65,45,No,"Strawberry acai base, coconut milk, freeze-dried strawberries, ice",Yes,Yes,"Fan-favorite; permanent menu item"
Cold Drinks,Refreshers,Pink Drink,Grande,16,140,3,3,0,30,0,28,1,90,60,No,"Strawberry acai base, coconut milk, freeze-dried strawberries, ice",Yes,Yes,""
Cold Drinks,Refreshers,Pink Drink,Venti,24,200,4,4,0,44,0,41,2,130,85,No,"Strawberry acai base, coconut milk, freeze-dried strawberries, ice",Yes,Yes,""
Cold Drinks,Refreshers,Pink Drink,Trenta,30,270,5,5,0,59,0,55,2,175,110,No,"Strawberry acai base, coconut milk, freeze-dried strawberries, ice",Yes,Yes,""
Cold Drinks,Refreshers,Mango Dragonfruit Refresher,Tall,12,70,0,0,0,17,0,15,0,25,45,No,"Mango dragonfruit base, freeze-dried dragonfruit, ice",Yes,Yes,""
Cold Drinks,Refreshers,Mango Dragonfruit Refresher,Grande,16,90,0,0,0,22,0,20,0,35,60,No,"Mango dragonfruit base, freeze-dried dragonfruit, ice",Yes,Yes,""
Cold Drinks,Refreshers,Mango Dragonfruit Refresher,Venti,24,130,0,0,0,32,0,29,0,50,85,No,"Mango dragonfruit base, freeze-dried dragonfruit, ice",Yes,Yes,""
Cold Drinks,Refreshers,Mango Dragonfruit Refresher,Trenta,30,180,0,0,0,43,0,39,0,65,110,No,"Mango dragonfruit base, freeze-dried dragonfruit, ice",Yes,Yes,""
Cold Drinks,Refreshers,Mango Dragonfruit Lemonade Refresher,Tall,12,110,0,0,0,27,0,25,0,30,45,No,"Mango dragonfruit base, lemonade, freeze-dried dragonfruit, ice",Yes,Yes,""
Cold Drinks,Refreshers,Mango Dragonfruit Lemonade Refresher,Grande,16,140,0,0,0,35,0,33,0,40,60,No,"Mango dragonfruit base, lemonade, freeze-dried dragonfruit, ice",Yes,Yes,""
Cold Drinks,Refreshers,Mango Dragonfruit Lemonade Refresher,Venti,24,200,0,0,0,50,0,47,0,55,85,No,"Mango dragonfruit base, lemonade, freeze-dried dragonfruit, ice",Yes,Yes,""
Cold Drinks,Refreshers,Mango Dragonfruit Lemonade Refresher,Trenta,30,280,0,0,0,68,0,64,0,75,110,No,"Mango dragonfruit base, lemonade, freeze-dried dragonfruit, ice",Yes,Yes,""
Cold Drinks,Refreshers,Dragon Drink,Tall,12,110,3,3,0,21,0,19,1,65,45,No,"Mango dragonfruit base, coconut milk, freeze-dried dragonfruit, ice",Yes,Yes,""
Cold Drinks,Refreshers,Dragon Drink,Grande,16,130,4,4,0,26,0,24,1,90,60,No,"Mango dragonfruit base, coconut milk, freeze-dried dragonfruit, ice",Yes,Yes,""
Cold Drinks,Refreshers,Dragon Drink,Venti,24,190,5,5,0,37,0,35,2,125,85,No,"Mango dragonfruit base, coconut milk, freeze-dried dragonfruit, ice",Yes,Yes,""
Cold Drinks,Refreshers,Dragon Drink,Trenta,30,270,7,7,0,50,0,47,2,175,110,No,"Mango dragonfruit base, coconut milk, freeze-dried dragonfruit, ice",Yes,Yes,""
Cold Drinks,Refreshers,Pineapple Passionfruit Refresher,Tall,12,80,0,0,0,19,0,18,0,10,45,No,"Pineapple passionfruit base, freeze-dried pineapple, ice",Yes,Yes,""
Cold Drinks,Refreshers,Pineapple Passionfruit Refresher,Grande,16,100,0,0,0,25,0,23,0,15,60,No,"Pineapple passionfruit base, freeze-dried pineapple, ice",Yes,Yes,""
Cold Drinks,Refreshers,Pineapple Passionfruit Refresher,Venti,24,140,0,0,0,35,0,33,0,20,85,No,"Pineapple passionfruit base, freeze-dried pineapple, ice",Yes,Yes,""
Cold Drinks,Refreshers,Pineapple Passionfruit Refresher,Trenta,30,190,0,0,0,47,0,44,0,25,110,No,"Pineapple passionfruit base, freeze-dried pineapple, ice",Yes,Yes,""
Cold Drinks,Refreshers,Pineapple Passionfruit Lemonade Refresher,Tall,12,110,0,0,0,27,0,26,0,15,45,No,"Pineapple passionfruit base, lemonade, freeze-dried pineapple, ice",Yes,Yes,""
Cold Drinks,Refreshers,Pineapple Passionfruit Lemonade Refresher,Grande,16,140,0,0,0,35,0,33,0,20,60,No,"Pineapple passionfruit base, lemonade, freeze-dried pineapple, ice",Yes,Yes,""
Cold Drinks,Refreshers,Pineapple Passionfruit Lemonade Refresher,Venti,24,210,0,0,0,52,0,50,0,30,85,No,"Pineapple passionfruit base, lemonade, freeze-dried pineapple, ice",Yes,Yes,""
Cold Drinks,Refreshers,Pineapple Passionfruit Lemonade Refresher,Trenta,30,290,0,0,0,71,0,68,0,40,110,No,"Pineapple passionfruit base, lemonade, freeze-dried pineapple, ice",Yes,Yes,""
Cold Drinks,Refreshers,Paradise Drink,Tall,12,110,3,3,0,22,0,20,1,65,45,No,"Pineapple passionfruit base, coconut milk, freeze-dried pineapple, ice",Yes,Yes,""
Cold Drinks,Refreshers,Paradise Drink,Grande,16,140,4,4,0,28,0,26,1,90,60,No,"Pineapple passionfruit base, coconut milk, freeze-dried pineapple, ice",Yes,Yes,""
Cold Drinks,Refreshers,Paradise Drink,Venti,24,200,5,5,0,40,0,37,2,130,85,No,"Pineapple passionfruit base, coconut milk, freeze-dried pineapple, ice",Yes,Yes,""
Cold Drinks,Refreshers,Paradise Drink,Trenta,30,270,7,7,0,54,0,50,2,175,110,No,"Pineapple passionfruit base, coconut milk, freeze-dried pineapple, ice",Yes,Yes,""
Cold Drinks,Lemonade,Lemonade,Tall,12,80,0,0,0,20,0,19,0,15,0,No,"Lemon juice, water, sugar",Yes,Yes,"No caffeine"
Cold Drinks,Lemonade,Lemonade,Grande,16,120,0,0,0,30,0,28,0,20,0,No,"Lemon juice, water, sugar",Yes,Yes,""
Cold Drinks,Lemonade,Lemonade,Venti,24,160,0,0,0,40,0,37,0,30,0,No,"Lemon juice, water, sugar",Yes,Yes,""
Cold Drinks,Lemonade,Lemonade,Trenta,30,200,0,0,0,50,0,46,0,35,0,No,"Lemon juice, water, sugar",Yes,Yes,""
Cold Drinks,Lemonade,Blended Strawberry Lemonade,Tall,12,130,0,0,0,32,0,30,0,10,0,No,"Strawberry puree, lemonade, ice (blended)",Yes,Yes,"No caffeine"
Cold Drinks,Lemonade,Blended Strawberry Lemonade,Grande,16,190,0,0,0,47,0,44,0,15,0,No,"Strawberry puree, lemonade, ice (blended)",Yes,Yes,""
Cold Drinks,Lemonade,Blended Strawberry Lemonade,Venti,24,260,0,0,0,64,0,60,1,20,0,No,"Strawberry puree, lemonade, ice (blended)",Yes,Yes,""
Cold Drinks,Milk,Cold Milk,Tall,12,200,8,5,0,19,0,18,13,220,0,No,"Whole milk",No,Yes,"No caffeine; kid-friendly"
Cold Drinks,Milk,Cold Milk,Grande,16,260,10,7,0,24,0,24,17,285,0,No,"Whole milk",No,Yes,""
Cold Drinks,Milk,Cold Milk,Venti,24,370,15,10,0,35,0,34,24,415,0,No,"Whole milk",No,Yes,""
Cold Drinks,Frozen Refreshers,Frozen Strawberry Acai Lemonade Refresher,Tall,12,120,0,0,0,29,0,27,0,20,45,No,"Strawberry acai base, lemonade, ice (blended)",Yes,Yes,"Blended frozen version"
Cold Drinks,Frozen Refreshers,Frozen Strawberry Acai Lemonade Refresher,Grande,16,160,0,0,0,39,0,37,0,30,60,No,"Strawberry acai base, lemonade, ice (blended)",Yes,Yes,""
Cold Drinks,Frozen Refreshers,Frozen Mango Dragonfruit Lemonade Refresher,Tall,12,120,0,0,0,30,0,28,0,30,45,No,"Mango dragonfruit base, lemonade, ice (blended)",Yes,Yes,""
Cold Drinks,Frozen Refreshers,Frozen Mango Dragonfruit Lemonade Refresher,Grande,16,150,0,0,0,37,0,35,0,40,60,No,"Mango dragonfruit base, lemonade, ice (blended)",Yes,Yes,""
Cold Drinks,Frozen Refreshers,Frozen Pineapple Passionfruit Lemonade Refresher,Tall,12,120,0,0,0,30,0,29,0,15,45,No,"Pineapple passionfruit base, lemonade, ice (blended)",Yes,Yes,""
Cold Drinks,Frozen Refreshers,Frozen Pineapple Passionfruit Lemonade Refresher,Grande,16,160,0,0,0,39,0,37,0,20,60,No,"Pineapple passionfruit base, lemonade, ice (blended)",Yes,Yes,""
Seasonal - Fall,Pumpkin,Pumpkin Spice Latte,Short,8,210,7,4,0,36,0,34,8,130,55,Yes,"Espresso, pumpkin spice sauce, steamed 2% milk, whipped cream, pumpkin pie spice",No,Yes,"The original PSL; since 2003"
Seasonal - Fall,Pumpkin,Pumpkin Spice Latte,Tall,12,300,9,5,0,51,0,49,11,185,75,Yes,"Espresso, pumpkin spice sauce, steamed 2% milk, whipped cream, pumpkin pie spice",No,Yes,""
Seasonal - Fall,Pumpkin,Pumpkin Spice Latte,Grande,16,390,12,7,0,65,0,63,14,240,150,Yes,"Espresso, pumpkin spice sauce, steamed 2% milk, whipped cream, pumpkin pie spice",No,Yes,""
Seasonal - Fall,Pumpkin,Pumpkin Spice Latte,Venti,20,470,14,8,0,79,0,76,17,300,225,Yes,"Espresso, pumpkin spice sauce, steamed 2% milk, whipped cream, pumpkin pie spice",No,Yes,""
Seasonal - Fall,Pumpkin,Iced Pumpkin Spice Latte,Tall,12,270,9,5,0,43,0,42,9,175,75,Yes,"Espresso, pumpkin spice sauce, 2% milk, whipped cream, pumpkin pie spice, ice",No,Yes,""
Seasonal - Fall,Pumpkin,Iced Pumpkin Spice Latte,Grande,16,370,12,7,0,58,0,57,12,240,150,Yes,"Espresso, pumpkin spice sauce, 2% milk, whipped cream, pumpkin pie spice, ice",No,Yes,""
Seasonal - Fall,Pumpkin,Iced Pumpkin Spice Latte,Venti,24,480,16,9,0,75,0,74,16,315,225,Yes,"Espresso, pumpkin spice sauce, 2% milk, whipped cream, pumpkin pie spice, ice",No,Yes,""
Seasonal - Fall,Pumpkin,Pumpkin Cream Cold Brew,Tall,12,140,5,3,0,25,0,24,2,115,145,Yes,"Cold brew, vanilla syrup, pumpkin cream cold foam, pumpkin spice topping, ice",No,Yes,""
Seasonal - Fall,Pumpkin,Pumpkin Cream Cold Brew,Grande,16,250,9,6,0,43,0,42,3,200,205,Yes,"Cold brew, vanilla syrup, pumpkin cream cold foam, pumpkin spice topping, ice",No,Yes,""
Seasonal - Fall,Pumpkin,Pumpkin Cream Cold Brew,Venti,24,310,11,7,0,53,0,52,4,250,310,Yes,"Cold brew, vanilla syrup, pumpkin cream cold foam, pumpkin spice topping, ice",No,Yes,""
Seasonal - Fall,Pumpkin,Pumpkin Cream Cold Brew,Trenta,30,360,13,8,0,61,0,60,4,290,360,Yes,"Cold brew, vanilla syrup, pumpkin cream cold foam, pumpkin spice topping, ice",No,Yes,""
Seasonal - Fall,Pumpkin,Pumpkin Spice Frappuccino,Tall,12,290,9,6,0,50,0,48,5,200,65,Yes,"Ice, 2% milk, coffee frappuccino syrup, pumpkin spice sauce, whipped cream, pumpkin pie spice",No,No,""
Seasonal - Fall,Pumpkin,Pumpkin Spice Frappuccino,Grande,16,420,13,8,0,72,0,69,7,285,90,Yes,"Ice, 2% milk, coffee frappuccino syrup, pumpkin spice sauce, whipped cream, pumpkin pie spice",No,No,""
Seasonal - Fall,Pumpkin,Pumpkin Spice Frappuccino,Venti,24,510,16,10,0,87,0,84,9,355,125,Yes,"Ice, 2% milk, coffee frappuccino syrup, pumpkin spice sauce, whipped cream, pumpkin pie spice",No,No,""
Seasonal - Fall,Pumpkin,Pumpkin Spice Creme Frappuccino,Tall,12,250,8,5,0,44,0,42,4,200,0,Yes,"Ice, 2% milk, pumpkin spice sauce, whipped cream, pumpkin pie spice",No,No,"No caffeine"
Seasonal - Fall,Pumpkin,Pumpkin Spice Creme Frappuccino,Grande,16,360,11,7,0,63,0,61,6,285,0,Yes,"Ice, 2% milk, pumpkin spice sauce, whipped cream, pumpkin pie spice",No,No,""
Seasonal - Fall,Pumpkin,Pumpkin Spice Chai Tea Latte,Tall,12,220,5,3,0,39,0,37,8,130,40,Yes,"Chai tea concentrate, pumpkin spice sauce, steamed 2% milk",No,Yes,""
Seasonal - Fall,Pumpkin,Pumpkin Spice Chai Tea Latte,Grande,16,310,7,4,0,55,0,52,11,185,55,Yes,"Chai tea concentrate, pumpkin spice sauce, steamed 2% milk",No,Yes,""
Seasonal - Fall,Pumpkin,Pumpkin Spice Creme Steamer,Short,8,210,7,4,0,38,0,36,7,130,0,Yes,"Steamed 2% milk, pumpkin spice sauce, whipped cream",No,Yes,"No caffeine"
Seasonal - Fall,Pumpkin,Pumpkin Spice Creme Steamer,Tall,12,310,10,6,0,55,0,52,10,185,0,Yes,"Steamed 2% milk, pumpkin spice sauce, whipped cream",No,Yes,""
Seasonal - Fall,Apple,Apple Crisp Oatmilk Macchiato,Short,8,150,4,0,0,26,1,24,3,90,75,Yes,"Espresso, apple brown sugar syrup, oat milk, spiced apple drizzle",Yes,Yes,""
Seasonal - Fall,Apple,Apple Crisp Oatmilk Macchiato,Tall,12,230,6,0,0,41,1,38,5,135,75,Yes,"Espresso, apple brown sugar syrup, oat milk, spiced apple drizzle",Yes,Yes,""
Seasonal - Fall,Apple,Apple Crisp Oatmilk Macchiato,Grande,16,320,8,1,0,57,2,53,7,185,150,Yes,"Espresso, apple brown sugar syrup, oat milk, spiced apple drizzle",Yes,Yes,""
Seasonal - Fall,Apple,Apple Crisp Oatmilk Macchiato,Venti,20,390,9,1,0,69,2,65,8,225,225,Yes,"Espresso, apple brown sugar syrup, oat milk, spiced apple drizzle",Yes,Yes,""
Seasonal - Fall,Apple,Iced Apple Crisp Oatmilk Macchiato,Tall,12,230,6,0,0,41,1,38,5,135,75,Yes,"Espresso, apple brown sugar syrup, oat milk, spiced apple drizzle, ice",Yes,Yes,""
Seasonal - Fall,Apple,Iced Apple Crisp Oatmilk Macchiato,Grande,16,310,8,1,0,54,2,51,7,180,150,Yes,"Espresso, apple brown sugar syrup, oat milk, spiced apple drizzle, ice",Yes,Yes,""
Seasonal - Fall,Apple,Iced Apple Crisp Oatmilk Shaken Espresso,Tall,12,130,2,0,0,25,1,22,3,100,255,Yes,"Espresso, apple brown sugar syrup, oat milk, cinnamon, ice",Yes,Yes,""
Seasonal - Fall,Apple,Iced Apple Crisp Oatmilk Shaken Espresso,Grande,16,180,3,0,0,35,1,31,4,135,340,Yes,"Espresso, apple brown sugar syrup, oat milk, cinnamon, ice",Yes,Yes,""
Seasonal - Fall,Apple,Apple Crisp Oatmilk Frappuccino,Tall,12,290,8,5,0,53,1,51,4,185,65,Yes,"Ice, oat milk, coffee frappuccino syrup, apple brown sugar syrup, whipped cream, spiced apple drizzle",No,No,""
Seasonal - Fall,Apple,Apple Crisp Oatmilk Frappuccino,Grande,16,420,12,8,0,76,2,73,6,270,90,Yes,"Ice, oat milk, coffee frappuccino syrup, apple brown sugar syrup, whipped cream, spiced apple drizzle",No,No,""
Seasonal - Fall,Apple,Apple Crisp Oatmilk Creme Frappuccino,Tall,12,270,8,5,0,50,1,48,4,180,0,Yes,"Ice, oat milk, apple brown sugar syrup, whipped cream, spiced apple drizzle",No,No,"No caffeine"
Seasonal - Fall,Apple,Apple Crisp Oatmilk Creme Frappuccino,Grande,16,380,11,7,0,71,2,68,6,260,0,Yes,"Ice, oat milk, apple brown sugar syrup, whipped cream, spiced apple drizzle",No,No,""
Seasonal - Holiday,Peppermint,Peppermint Mocha,Short,8,240,9,6,0,38,1,35,9,135,75,Yes,"Espresso, peppermint syrup, mocha sauce, steamed 2% milk, whipped cream, chocolate curls",No,Yes,""
Seasonal - Holiday,Peppermint,Peppermint Mocha,Tall,12,350,13,8,0,55,2,50,13,195,75,Yes,"Espresso, peppermint syrup, mocha sauce, steamed 2% milk, whipped cream, chocolate curls",No,Yes,""
Seasonal - Holiday,Peppermint,Peppermint Mocha,Grande,16,440,16,10,0,69,2,63,16,250,150,Yes,"Espresso, peppermint syrup, mocha sauce, steamed 2% milk, whipped cream, chocolate curls",No,Yes,""
Seasonal - Holiday,Peppermint,Peppermint Mocha,Venti,20,540,20,12,0,85,3,78,20,310,265,Yes,"Espresso, peppermint syrup, mocha sauce, steamed 2% milk, whipped cream, chocolate curls",No,Yes,""
Seasonal - Holiday,Peppermint,Iced Peppermint Mocha,Tall,12,310,11,7,0,49,1,45,9,190,75,Yes,"Espresso, peppermint syrup, mocha sauce, 2% milk, whipped cream, chocolate curls, ice",No,Yes,""
Seasonal - Holiday,Peppermint,Iced Peppermint Mocha,Grande,16,420,15,9,0,66,2,60,12,260,150,Yes,"Espresso, peppermint syrup, mocha sauce, 2% milk, whipped cream, chocolate curls, ice",No,Yes,""
Seasonal - Holiday,Peppermint,Peppermint Mocha Frappuccino,Tall,12,300,11,7,0,50,1,47,5,225,75,Yes,"Ice, 2% milk, coffee frappuccino syrup, peppermint syrup, mocha sauce, whipped cream, chocolate curls",No,No,""
Seasonal - Holiday,Peppermint,Peppermint Mocha Frappuccino,Grande,16,430,16,10,0,71,2,67,7,320,95,Yes,"Ice, 2% milk, coffee frappuccino syrup, peppermint syrup, mocha sauce, whipped cream, chocolate curls",No,No,""
Seasonal - Holiday,Peppermint,Peppermint Hot Chocolate,Short,8,230,8,5,0,38,1,34,8,100,15,Yes,"Peppermint syrup, mocha sauce, steamed 2% milk, whipped cream, chocolate curls",No,Yes,""
Seasonal - Holiday,Peppermint,Peppermint Hot Chocolate,Tall,12,330,11,8,0,55,2,49,12,145,20,Yes,"Peppermint syrup, mocha sauce, steamed 2% milk, whipped cream, chocolate curls",No,Yes,""
Seasonal - Holiday,Peppermint,Peppermint Hot Chocolate,Grande,16,440,15,10,0,73,2,66,16,195,25,Yes,"Peppermint syrup, mocha sauce, steamed 2% milk, whipped cream, chocolate curls",No,Yes,""
Seasonal - Holiday,Peppermint,Peppermint Hot Chocolate,Venti,20,530,18,12,0,88,3,79,19,240,30,Yes,"Peppermint syrup, mocha sauce, steamed 2% milk, whipped cream, chocolate curls",No,Yes,""
Seasonal - Holiday,Peppermint,Blonde Peppermint Mocha,Tall,12,300,10,7,0,50,2,45,12,190,85,Yes,"Blonde espresso, peppermint syrup, mocha sauce, steamed 2% milk, whipped cream",No,Yes,""
Seasonal - Holiday,Peppermint,Blonde Peppermint Mocha,Grande,16,400,13,9,0,65,2,58,16,250,170,Yes,"Blonde espresso, peppermint syrup, mocha sauce, steamed 2% milk, whipped cream",No,Yes,""
Seasonal - Holiday,Peppermint White Choc,Peppermint White Chocolate Mocha,Tall,12,400,13,9,0,63,0,62,12,235,75,Yes,"Espresso, peppermint syrup, white chocolate mocha sauce, steamed 2% milk, whipped cream",No,Yes,""
Seasonal - Holiday,Peppermint White Choc,Peppermint White Chocolate Mocha,Grande,16,510,17,12,0,81,0,80,15,305,150,Yes,"Espresso, peppermint syrup, white chocolate mocha sauce, steamed 2% milk, whipped cream",No,Yes,""
Seasonal - Holiday,Peppermint White Choc,Peppermint White Chocolate Mocha,Venti,20,620,21,14,0,99,0,97,19,375,225,Yes,"Espresso, peppermint syrup, white chocolate mocha sauce, steamed 2% milk, whipped cream",No,Yes,""
Seasonal - Holiday,Peppermint White Choc,Iced Peppermint White Chocolate Mocha,Tall,12,360,13,8,0,58,0,57,9,230,75,Yes,"Espresso, peppermint syrup, white chocolate mocha sauce, 2% milk, whipped cream, ice",No,Yes,""
Seasonal - Holiday,Peppermint White Choc,Iced Peppermint White Chocolate Mocha,Grande,16,490,17,11,0,78,0,77,12,315,150,Yes,"Espresso, peppermint syrup, white chocolate mocha sauce, 2% milk, whipped cream, ice",No,Yes,""
Seasonal - Holiday,Peppermint White Choc,Peppermint White Hot Chocolate,Tall,12,400,15,10,0,63,0,63,12,265,0,Yes,"Peppermint syrup, white chocolate mocha sauce, steamed 2% milk, whipped cream",No,Yes,""
Seasonal - Holiday,Peppermint White Choc,Peppermint White Hot Chocolate,Grande,16,520,19,13,0,82,0,82,16,345,0,Yes,"Peppermint syrup, white chocolate mocha sauce, steamed 2% milk, whipped cream",No,Yes,""
Seasonal - Holiday,Caramel Brulee,Caramel Brulee Latte,Tall,12,310,10,6,0,54,0,53,11,165,75,Yes,"Espresso, caramel brulee sauce, steamed 2% milk, whipped cream, caramel brulee topping",No,Yes,""
Seasonal - Holiday,Caramel Brulee,Caramel Brulee Latte,Grande,16,410,13,8,0,70,0,69,14,215,150,Yes,"Espresso, caramel brulee sauce, steamed 2% milk, whipped cream, caramel brulee topping",No,Yes,""
Seasonal - Holiday,Caramel Brulee,Caramel Brulee Latte,Venti,20,500,16,10,0,86,0,85,17,270,225,Yes,"Espresso, caramel brulee sauce, steamed 2% milk, whipped cream, caramel brulee topping",No,Yes,""
Seasonal - Holiday,Caramel Brulee,Iced Caramel Brulee Latte,Tall,12,300,10,6,0,50,0,49,9,160,75,Yes,"Espresso, caramel brulee sauce, 2% milk, whipped cream, caramel brulee topping, ice",No,Yes,""
Seasonal - Holiday,Caramel Brulee,Iced Caramel Brulee Latte,Grande,16,400,13,8,0,66,0,65,12,215,150,Yes,"Espresso, caramel brulee sauce, 2% milk, whipped cream, caramel brulee topping, ice",No,Yes,""
Seasonal - Holiday,Caramel Brulee,Caramel Brulee Frappuccino,Tall,12,270,9,6,0,46,0,45,5,195,65,Yes,"Ice, 2% milk, coffee frappuccino syrup, caramel brulee sauce, whipped cream, caramel brulee topping",No,No,""
Seasonal - Holiday,Caramel Brulee,Caramel Brulee Frappuccino,Grande,16,400,14,9,0,67,0,66,7,285,90,Yes,"Ice, 2% milk, coffee frappuccino syrup, caramel brulee sauce, whipped cream, caramel brulee topping",No,No,""
Seasonal - Holiday,Caramel Brulee,Caramel Brulee Creme Frappuccino,Tall,12,260,8,6,0,45,0,45,4,190,0,Yes,"Ice, 2% milk, caramel brulee sauce, whipped cream, caramel brulee topping",No,No,"No caffeine"
Seasonal - Holiday,Caramel Brulee,Caramel Brulee Creme Frappuccino,Grande,16,380,12,9,0,66,0,65,6,280,0,Yes,"Ice, 2% milk, caramel brulee sauce, whipped cream, caramel brulee topping",No,No,""
Seasonal - Holiday,Chestnut Praline,Chestnut Praline Latte,Tall,12,270,8,5,0,43,0,42,11,105,75,Yes,"Espresso, chestnut praline sauce, steamed 2% milk, whipped cream, spiced praline crumbs",No,Yes,""
Seasonal - Holiday,Chestnut Praline,Chestnut Praline Latte,Grande,16,330,10,6,0,52,0,51,14,135,150,Yes,"Espresso, chestnut praline sauce, steamed 2% milk, whipped cream, spiced praline crumbs",No,Yes,""
Seasonal - Holiday,Chestnut Praline,Chestnut Praline Latte,Venti,20,410,12,8,0,65,0,64,17,170,225,Yes,"Espresso, chestnut praline sauce, steamed 2% milk, whipped cream, spiced praline crumbs",No,Yes,""
Seasonal - Holiday,Chestnut Praline,Iced Chestnut Praline Latte,Tall,12,240,7,4,0,37,0,36,9,100,75,Yes,"Espresso, chestnut praline sauce, 2% milk, whipped cream, spiced praline crumbs, ice",No,Yes,""
Seasonal - Holiday,Chestnut Praline,Iced Chestnut Praline Latte,Grande,16,320,9,5,0,49,0,48,12,135,150,Yes,"Espresso, chestnut praline sauce, 2% milk, whipped cream, spiced praline crumbs, ice",No,Yes,""
Seasonal - Holiday,Chestnut Praline,Chestnut Praline Frappuccino,Tall,12,260,9,6,0,43,0,42,5,165,65,Yes,"Ice, 2% milk, coffee frappuccino syrup, chestnut praline sauce, whipped cream, spiced praline crumbs",No,No,""
Seasonal - Holiday,Chestnut Praline,Chestnut Praline Frappuccino,Grande,16,380,13,9,0,62,0,61,7,240,90,Yes,"Ice, 2% milk, coffee frappuccino syrup, chestnut praline sauce, whipped cream, spiced praline crumbs",No,No,""
Seasonal - Holiday,Toasted White Chocolate,Toasted White Chocolate Mocha,Tall,12,330,12,8,0,53,0,52,12,235,75,Yes,"Espresso, toasted white chocolate mocha sauce, steamed 2% milk, whipped cream",No,Yes,""
Seasonal - Holiday,Toasted White Chocolate,Toasted White Chocolate Mocha,Grande,16,420,15,10,0,68,0,67,15,300,150,Yes,"Espresso, toasted white chocolate mocha sauce, steamed 2% milk, whipped cream",No,Yes,""
Seasonal - Holiday,Toasted White Chocolate,Toasted White Chocolate Mocha,Venti,20,510,18,13,0,82,0,81,18,365,225,Yes,"Espresso, toasted white chocolate mocha sauce, steamed 2% milk, whipped cream",No,Yes,""
Seasonal - Holiday,Toasted White Chocolate,Iced Toasted White Chocolate Mocha,Tall,12,300,11,7,0,47,0,46,9,225,75,Yes,"Espresso, toasted white chocolate mocha sauce, 2% milk, whipped cream, ice",No,Yes,""
Seasonal - Holiday,Toasted White Chocolate,Iced Toasted White Chocolate Mocha,Grande,16,400,14,9,0,62,0,61,12,300,150,Yes,"Espresso, toasted white chocolate mocha sauce, 2% milk, whipped cream, ice",No,Yes,""
Seasonal - Holiday,Toasted White Chocolate,Toasted White Chocolate Mocha Frappuccino,Tall,12,280,9,7,0,48,0,47,5,220,75,Yes,"Ice, 2% milk, coffee frappuccino syrup, toasted white chocolate mocha sauce, whipped cream",No,No,""
Seasonal - Holiday,Toasted White Chocolate,Toasted White Chocolate Mocha Frappuccino,Grande,16,420,14,10,0,71,0,70,8,330,95,Yes,"Ice, 2% milk, coffee frappuccino syrup, toasted white chocolate mocha sauce, whipped cream",No,No,""
Seasonal - Holiday,Sugar Cookie,Sugar Cookie Almondmilk Latte,Tall,12,140,4,0,0,23,0,18,3,155,75,Yes,"Blonde espresso, sugar cookie syrup, almond milk, sprinkles",Yes,Yes,""
Seasonal - Holiday,Sugar Cookie,Sugar Cookie Almondmilk Latte,Grande,16,180,6,0,0,30,0,24,5,200,150,Yes,"Blonde espresso, sugar cookie syrup, almond milk, sprinkles",Yes,Yes,""
Seasonal - Holiday,Sugar Cookie,Sugar Cookie Almondmilk Latte,Venti,20,230,7,0,0,38,0,30,6,255,225,Yes,"Blonde espresso, sugar cookie syrup, almond milk, sprinkles",Yes,Yes,""
Seasonal - Holiday,Sugar Cookie,Iced Sugar Cookie Almondmilk Latte,Tall,12,110,3,0,0,19,0,15,3,150,75,Yes,"Blonde espresso, sugar cookie syrup, almond milk, sprinkles, ice",Yes,Yes,""
Seasonal - Holiday,Sugar Cookie,Iced Sugar Cookie Almondmilk Latte,Grande,16,150,5,0,0,25,0,21,5,195,150,Yes,"Blonde espresso, sugar cookie syrup, almond milk, sprinkles, ice",Yes,Yes,""
Seasonal - Holiday,Sugar Cookie,Iced Sugar Cookie Almondmilk Latte,Venti,24,220,7,0,0,37,0,31,7,290,225,Yes,"Blonde espresso, sugar cookie syrup, almond milk, sprinkles, ice",Yes,Yes,""
Seasonal - Holiday,Sugar Cookie,Sugar Cookie Almondmilk Frappuccino,Tall,12,250,9,6,0,40,0,38,4,170,65,Yes,"Ice, almond milk, coffee frappuccino syrup, sugar cookie syrup, whipped cream, sprinkles",No,No,""
Seasonal - Holiday,Sugar Cookie,Sugar Cookie Almondmilk Frappuccino,Grande,16,370,13,9,0,59,0,57,6,250,90,Yes,"Ice, almond milk, coffee frappuccino syrup, sugar cookie syrup, whipped cream, sprinkles",No,No,""
Seasonal - Holiday,Eggnog,Eggnog Latte,Tall,12,360,14,8,0,49,0,47,12,155,75,Yes,"Espresso, eggnog, steamed 2% milk, nutmeg",No,Yes,"Traditional holiday drink"
Seasonal - Holiday,Eggnog,Eggnog Latte,Grande,16,450,17,10,0,62,0,60,15,195,150,Yes,"Espresso, eggnog, steamed 2% milk, nutmeg",No,Yes,""
Seasonal - Holiday,Eggnog,Eggnog Latte,Venti,20,590,23,13,0,81,0,78,20,255,225,Yes,"Espresso, eggnog, steamed 2% milk, nutmeg",No,Yes,""
Seasonal - Holiday,Eggnog,Iced Eggnog Latte,Tall,12,230,9,5,0,30,0,29,8,105,75,Yes,"Espresso, eggnog, 2% milk, nutmeg, ice",No,Yes,""
Seasonal - Holiday,Eggnog,Iced Eggnog Latte,Grande,16,290,11,7,0,38,0,37,10,135,150,Yes,"Espresso, eggnog, 2% milk, nutmeg, ice",No,Yes,""
Seasonal - Holiday,Gingerbread,Gingerbread Latte,Tall,12,230,7,4,0,38,0,37,10,190,75,Yes,"Espresso, gingerbread syrup, steamed 2% milk, whipped cream",No,Yes,""
Seasonal - Holiday,Gingerbread,Gingerbread Latte,Grande,16,310,10,6,0,50,0,48,14,245,150,Yes,"Espresso, gingerbread syrup, steamed 2% milk, whipped cream",No,Yes,""
Seasonal - Holiday,Gingerbread,Iced Gingerbread Latte,Tall,12,220,7,4,0,34,0,32,9,180,75,Yes,"Espresso, gingerbread syrup, 2% milk, whipped cream, ice",No,Yes,""
Seasonal - Holiday,Gingerbread,Iced Gingerbread Latte,Grande,16,300,9,5,0,45,0,44,12,240,150,Yes,"Espresso, gingerbread syrup, 2% milk, whipped cream, ice",No,Yes,""
Seasonal - Holiday,Gingerbread,Gingerbread Frappuccino,Tall,12,250,9,6,0,41,0,40,5,210,65,Yes,"Ice, 2% milk, coffee frappuccino syrup, gingerbread syrup, whipped cream",No,No,""
Seasonal - Holiday,Gingerbread,Gingerbread Frappuccino,Grande,16,360,14,9,0,59,0,57,7,300,90,Yes,"Ice, 2% milk, coffee frappuccino syrup, gingerbread syrup, whipped cream",No,No,""
Seasonal - Holiday,Gingerbread,Gingerbread Oatmilk Chai,Tall,12,230,5,0,0,44,1,39,6,170,40,Yes,"Chai tea concentrate, oat milk, gingerbread syrup",Yes,Yes,""
Seasonal - Holiday,Gingerbread,Gingerbread Oatmilk Chai,Grande,16,310,6,1,0,58,2,52,8,225,55,Yes,"Chai tea concentrate, oat milk, gingerbread syrup",Yes,Yes,""
Seasonal - Holiday,Gingerbread,Iced Gingerbread Oatmilk Chai,Tall,12,290,6,0,0,54,1,48,7,190,40,Yes,"Chai tea concentrate, oat milk, gingerbread syrup, ice",Yes,Yes,""
Seasonal - Holiday,Gingerbread,Iced Gingerbread Oatmilk Chai,Grande,16,360,7,1,0,70,2,63,9,240,55,Yes,"Chai tea concentrate, oat milk, gingerbread syrup, ice",Yes,Yes,""
Seasonal - Spring,Pistachio,Pistachio Latte,Tall,12,230,9,4,0,33,0,31,11,170,75,Yes,"Espresso, pistachio sauce, steamed 2% milk, salted brown butter topping",No,Yes,""
Seasonal - Spring,Pistachio,Pistachio Latte,Grande,16,320,12,6,0,44,0,42,14,225,150,Yes,"Espresso, pistachio sauce, steamed 2% milk, salted brown butter topping",No,Yes,""
Seasonal - Spring,Pistachio,Pistachio Latte,Venti,20,400,15,7,0,55,0,53,17,280,225,Yes,"Espresso, pistachio sauce, steamed 2% milk, salted brown butter topping",No,Yes,""
Seasonal - Spring,Pistachio,Iced Pistachio Latte,Tall,12,190,8,4,0,26,0,25,9,160,75,Yes,"Espresso, pistachio sauce, 2% milk, salted brown butter topping, ice",No,Yes,""
Seasonal - Spring,Pistachio,Iced Pistachio Latte,Grande,16,260,10,5,0,35,0,33,12,215,150,Yes,"Espresso, pistachio sauce, 2% milk, salted brown butter topping, ice",No,Yes,""
Seasonal - Spring,Pistachio,Pistachio Cream Cold Brew,Tall,12,210,8,5,0,32,0,31,3,180,185,Yes,"Cold brew, pistachio sauce, salted brown butter cream cold foam, ice",No,Yes,""
Seasonal - Spring,Pistachio,Pistachio Cream Cold Brew,Grande,16,250,10,6,0,38,0,37,4,215,275,Yes,"Cold brew, pistachio sauce, salted brown butter cream cold foam, ice",No,Yes,""
Seasonal - Spring,Pistachio,Pistachio Frappuccino,Tall,12,270,10,7,0,43,0,42,5,190,65,Yes,"Ice, 2% milk, coffee frappuccino syrup, pistachio sauce, whipped cream, salted brown butter topping",No,No,""
Seasonal - Spring,Pistachio,Pistachio Frappuccino,Grande,16,380,14,10,0,62,0,61,7,275,90,Yes,"Ice, 2% milk, coffee frappuccino syrup, pistachio sauce, whipped cream, salted brown butter topping",No,No,""
Seasonal - Spring,Pistachio,Pistachio Creme Frappuccino,Tall,12,240,9,7,0,40,0,39,5,185,0,Yes,"Ice, 2% milk, pistachio sauce, whipped cream",No,No,"No caffeine"
Seasonal - Spring,Pistachio,Pistachio Creme Frappuccino,Grande,16,360,14,10,0,59,0,57,7,270,0,Yes,"Ice, 2% milk, pistachio sauce, whipped cream",No,No,""
Seasonal - Winter/Spring,Irish Cream,Irish Cream Cold Brew,Tall,12,150,4,3,0,25,0,24,2,95,155,Yes,"Cold brew, Irish cream syrup, vanilla sweet cream cold foam, ice",No,Yes,""
Seasonal - Winter/Spring,Irish Cream,Irish Cream Cold Brew,Grande,16,200,6,4,0,32,0,31,2,125,205,Yes,"Cold brew, Irish cream syrup, vanilla sweet cream cold foam, ice",No,Yes,""
Seasonal - Winter/Spring,Irish Cream,Irish Cream Cold Brew,Venti,24,240,7,5,0,38,0,37,3,150,310,Yes,"Cold brew, Irish cream syrup, vanilla sweet cream cold foam, ice",No,Yes,""
Seasonal - Winter/Spring,Irish Cream,Irish Cream Cold Brew,Trenta,30,300,9,6,0,47,0,46,4,190,360,Yes,"Cold brew, Irish cream syrup, vanilla sweet cream cold foam, ice",No,Yes,""
Seasonal - Winter/Spring,Irish Cream,Irish Cream Nitro Cold Brew,Tall,12,120,4,3,0,18,0,17,2,95,215,Yes,"Nitro cold brew, Irish cream syrup, vanilla sweet cream cold foam",No,Yes,""
Seasonal - Winter/Spring,Irish Cream,Irish Cream Nitro Cold Brew,Grande,16,200,6,4,0,31,0,30,3,160,280,Yes,"Nitro cold brew, Irish cream syrup, vanilla sweet cream cold foam",No,Yes,""
Seasonal - Winter/Spring,Chocolate Hazelnut,Chocolate Hazelnut Cookie Cold Brew,Tall,12,210,8,5,0,32,0,29,3,190,185,Yes,"Cold brew, chocolate cookie syrup, hazelnut syrup, cookie crumbles, cold foam, ice",No,Yes,""
Seasonal - Winter/Spring,Chocolate Hazelnut,Chocolate Hazelnut Cookie Cold Brew,Grande,16,280,11,7,0,43,0,39,4,250,275,Yes,"Cold brew, chocolate cookie syrup, hazelnut syrup, cookie crumbles, cold foam, ice",No,Yes,""
Seasonal - Winter/Spring,Chocolate Hazelnut,Chocolate Hazelnut Cookie Cold Brew,Venti,24,330,13,8,0,50,0,46,5,295,415,Yes,"Cold brew, chocolate cookie syrup, hazelnut syrup, cookie crumbles, cold foam, ice",No,Yes,""
Add-Ons,Espresso,Extra Shot of Espresso,Per shot,1,5,0,0,0,0,0,0,0,5,75,No,"Espresso",Yes,Yes,"75mg caffeine per shot"
Add-Ons,Espresso,Ristretto Shot,Per shot,1,5,0,0,0,0,0,0,0,5,65,No,"Espresso (shorter pull; sweeter)",Yes,Yes,"Used in Flat White"
Add-Ons,Espresso,Blonde Espresso Shot,Per shot,1,5,0,0,0,0,0,0,0,5,85,No,"Blonde roast espresso",Yes,Yes,"Slightly higher caffeine"
Add-Ons,Espresso,Decaf Espresso Shot,Per shot,1,5,0,0,0,0,0,0,0,5,10,No,"Decaf espresso",Yes,Yes,"<15mg caffeine per shot"
Add-Ons,Syrups,Classic Syrup,Per pump,0.33,20,0,0,0,5,0,5,0,0,0,No,"Sugar, water",Yes,Yes,"Default sweetener"
Add-Ons,Syrups,Vanilla Syrup,Per pump,0.33,20,0,0,0,5,0,5,0,0,0,No,"Sugar, water, natural vanilla flavor",Yes,Yes,""
Add-Ons,Syrups,Caramel Syrup,Per pump,0.33,20,0,0,0,5,0,5,0,0,0,No,"Sugar, water, natural caramel flavor",Yes,Yes,""
Add-Ons,Syrups,Hazelnut Syrup,Per pump,0.33,20,0,0,0,5,0,5,0,0,0,No,"Sugar, water, natural hazelnut flavor",Yes,Yes,""
Add-Ons,Syrups,Toffee Nut Syrup,Per pump,0.33,20,0,0,0,5,0,5,0,0,0,No,"Sugar, water, natural toffee nut flavor",Yes,Yes,""
Add-Ons,Syrups,Raspberry Syrup,Per pump,0.33,20,0,0,0,5,0,5,0,0,0,No,"Sugar, water, natural raspberry flavor",Yes,Yes,""
Add-Ons,Syrups,Cinnamon Dolce Syrup,Per pump,0.33,20,0,0,0,5,0,5,0,0,0,No,"Sugar, water, cinnamon, natural flavors",Yes,Yes,""
Add-Ons,Syrups,Brown Sugar Syrup,Per pump,0.33,20,0,0,0,5,0,5,0,0,0,No,"Brown sugar, water, natural flavors",Yes,Yes,""
Add-Ons,Syrups,Peach Syrup,Per pump,0.33,20,0,0,0,5,0,5,0,0,0,No,"Sugar, water, natural peach flavor",Yes,Yes,""
Add-Ons,Syrups,Peppermint Syrup,Per pump,0.33,20,0,0,0,5,0,5,0,0,0,Yes,"Sugar, water, natural peppermint flavor",Yes,Yes,"Holiday seasonal"
Add-Ons,Syrups,Gingerbread Syrup,Per pump,0.33,20,0,0,0,5,0,5,0,0,0,Yes,"Sugar, water, ginger, cinnamon, clove, nutmeg",Yes,Yes,"Holiday seasonal"
Add-Ons,Syrups,Chestnut Praline Syrup,Per pump,0.33,20,0,0,0,5,0,5,0,0,0,Yes,"Sugar, water, chestnut, praline, natural flavors",Yes,Yes,"Holiday seasonal"
Add-Ons,Syrups,Lavender Syrup,Per pump,0.33,20,0,0,0,5,0,5,0,0,0,Yes,"Sugar, water, lavender, natural flavors",Yes,Yes,"Spring seasonal"
Add-Ons,Syrups,Honey Blend,Per pump,0.33,20,0,0,0,6,0,5,0,0,0,No,"Honey, water",Yes,Yes,""
Add-Ons,Syrups,Irish Cream Syrup,Per pump,0.33,20,0,0,0,5,0,5,0,0,0,Yes,"Sugar, water, cream, natural flavors",No,Yes,"Holiday seasonal"
Add-Ons,Syrups,Apple Brown Sugar Syrup,Per pump,0.33,20,0,0,0,5,0,5,0,0,0,Yes,"Sugar, water, apple, cinnamon, natural flavors",Yes,Yes,"Fall seasonal"
Add-Ons,Sugar-Free Syrups,Sugar-Free Vanilla Syrup,Per pump,0.33,0,0,0,0,0,0,0,0,0,0,No,"Water, sucralose, natural vanilla flavor",Yes,Yes,"Zero calorie"
Add-Ons,Sugar-Free Syrups,Sugar-Free Cinnamon Dolce Syrup,Per pump,0.33,0,0,0,0,0,0,0,0,0,0,No,"Water, sucralose, cinnamon, natural flavors",Yes,Yes,"Zero calorie"
Add-Ons,Sugar-Free Syrups,Sugar-Free Caramel Syrup,Per pump,0.33,0,0,0,0,0,0,0,0,0,0,No,"Water, sucralose, natural caramel flavor",Yes,Yes,"Zero calorie"
Add-Ons,Sugar-Free Syrups,Sugar-Free Hazelnut Syrup,Per pump,0.33,0,0,0,0,0,0,0,0,0,0,No,"Water, sucralose, natural hazelnut flavor",Yes,Yes,"Zero calorie"
Add-Ons,Sauces,Caramel Sauce Drizzle,Per serving,0.25,15,0,0,0,4,0,3,0,5,0,No,"Sugar, corn syrup, nonfat milk, butter, natural flavors",No,Yes,""
Add-Ons,Sauces,Mocha Sauce,Per pump,0.33,25,1,0,0,5,0,4,0,30,5,No,"Water, sugar, cocoa powder, natural flavors",Yes,Yes,""
Add-Ons,Sauces,White Chocolate Mocha Sauce,Per pump,0.33,30,1,1,0,6,0,6,0,20,0,No,"Sugar, condensed skim milk, coconut oil, natural vanilla flavors",No,Yes,""
Add-Ons,Sauces,Pumpkin Spice Sauce,Per pump,0.33,40,0,0,0,10,0,9,0,50,0,Yes,"Sugar, condensed nonfat milk, pumpkin puree, annatto, spices",No,Yes,"Fall seasonal"
Add-Ons,Sauces,Caramel Brulee Sauce,Per pump,0.33,30,1,1,0,6,0,6,0,10,0,Yes,"Sugar, cream, butter, natural flavors, salt",No,Yes,"Holiday seasonal"
Add-Ons,Sauces,Pistachio Sauce,Per pump,0.33,35,1,0,0,7,0,7,0,20,0,Yes,"Pistachio, sugar, cream, natural flavors",No,Yes,"Spring seasonal"
Add-Ons,Toppings,Whipped Cream (standard),Per serving,0.5,60,6,4,0,1,0,1,0,5,0,No,"Heavy whipping cream, vanilla syrup",No,Yes,""
Add-Ons,Toppings,Vanilla Sweet Cream Cold Foam,Per serving,1,70,5,4,0,8,0,7,1,40,0,No,"Nonfat milk, heavy cream, vanilla syrup",No,Yes,""
Add-Ons,Toppings,Pumpkin Cream Cold Foam,Per serving,1,80,6,4,0,9,0,8,1,85,0,Yes,"Heavy cream, pumpkin spice sauce, vanilla syrup",No,Yes,"Fall seasonal"
Add-Ons,Toppings,Salted Cream Cold Foam,Per serving,1,80,6,4,0,7,0,6,1,70,0,No,"Nonfat milk, heavy cream, caramel syrup, salt",No,Yes,""
Add-Ons,Toppings,Chocolate Cream Cold Foam,Per serving,1,80,6,4,0,8,0,7,1,50,0,No,"Heavy cream, mocha sauce, vanilla syrup",No,Yes,""
Add-Ons,Toppings,Matcha Green Tea Powder (topping),Per scoop,1,25,0,0,0,5,0,4,1,10,35,No,"Matcha green tea powder, sugar",Yes,Yes,""
Add-Ons,Toppings,Pumpkin Pie Spice,Per serving,0.1,0,0,0,0,0,0,0,0,0,0,Yes,"Cinnamon, ginger, nutmeg, clove, allspice",Yes,Yes,"Fall topping"
Add-Ons,Toppings,Cinnamon Dolce Topping,Per serving,0.1,5,0,0,0,1,0,1,0,0,0,No,"Sugar, cinnamon",Yes,Yes,""
Add-Ons,Toppings,Caramel Brulee Topping,Per serving,0.25,15,0,0,0,3,0,3,0,10,0,Yes,"Sugar, cream, caramel",No,Yes,"Holiday seasonal"
Add-Ons,Milk Options,2% Reduced Fat Milk,Per oz,1,15,0.6,0.4,0,1.2,0,1.2,0.8,15,0,No,"2% reduced fat milk",No,Yes,"Default milk at Starbucks"
Add-Ons,Milk Options,Whole Milk,Per oz,1,18,1,0.6,0,1.2,0,1.1,1,13,0,No,"Whole milk",No,Yes,""
Add-Ons,Milk Options,Nonfat Milk,Per oz,1,10,0,0,0,1.5,0,1.4,0.9,15,0,No,"Nonfat skim milk",No,Yes,"Lowest calorie dairy milk"
Add-Ons,Milk Options,Oat Milk,Per oz,1,13,0.5,0,0,1.8,0.2,0.5,0.3,30,0,No,"Oat milk (oats, water, sunflower oil, salt)",Yes,No,"Most popular non-dairy"
Add-Ons,Milk Options,Almond Milk,Per oz,1,4,0.3,0,0,0.5,0.1,0.3,0.1,20,0,No,"Almond milk (almonds, water, vitamins)",Yes,Yes,"Lowest calorie milk"
Add-Ons,Milk Options,Coconut Milk,Per oz,1,7,0.5,0.4,0,0.7,0,0.5,0.1,10,0,No,"Coconut milk (water, coconut cream, cane sugar)",Yes,Yes,""
Add-Ons,Milk Options,Soy Milk,Per oz,1,8,0.5,0.1,0,0.9,0,0.4,0.6,15,0,No,"Soymilk (filtered water, whole soybeans)",Yes,Yes,"OG plant-based option since 1997"
Add-Ons,Milk Options,Heavy Cream,Per oz,1,100,11,7,0,0.5,0,0.5,0.5,5,0,No,"Heavy whipping cream",No,Yes,"High fat option"
Bakery,Croissants,Butter Croissant,One,3.3,250,16,10,0,24,0,5,4,220,0,No,"Enriched flour, butter, eggs, yeast, sugar, salt, milk",No,No,"Classic French-style croissant"
Bakery,Croissants,Chocolate Croissant,One,3.5,300,19,11,0,34,1,12,5,230,5,No,"Enriched flour, butter, chocolate, eggs, yeast, sugar, salt",No,No,""
Bakery,Croissants,Almond Croissant,One,4.1,420,24,12,0,42,2,21,8,350,0,No,"Enriched flour, butter, almond cream filling, sliced almonds, powdered sugar",No,No,"Contains tree nuts"
Bakery,Croissants,Baked Apple Croissant,One,3.5,230,10,5,0,31,1,12,4,160,0,No,"Enriched flour, butter, apples, sugar, cinnamon, yeast, eggs",No,No,""
Bakery,Croissants,Ham & Swiss Croissant,One,3.8,320,17,9,0,28,1,4,15,690,0,No,"Croissant dough, ham, Swiss cheese, Dijon mustard",No,No,"Savory option"
Bakery,Danish,Cheese Danish,One,2.9,290,15,8,0,32,0,14,5,310,0,No,"Enriched flour, cream cheese, butter, sugar, eggs, vanilla, icing",No,No,""
Bakery,Danish,Sugar Plum Cheese Danish,One,3.2,330,16,9,0,40,0,23,5,320,0,Yes,"Enriched flour, cream cheese, plum jam, butter, sugar, eggs, icing",No,No,"Holiday seasonal"
Bakery,Danish,Vanilla Bean Custard Danish,One,2.8,230,10,5,0,31,0,14,4,200,0,No,"Enriched flour, vanilla custard, butter, sugar, eggs, vanilla",No,No,""
Bakery,Scones,Blueberry Scone,One,4.6,410,17,9,0,58,2,22,6,430,0,No,"Enriched flour, butter, blueberries, sugar, cream, eggs, baking powder",No,No,""
Bakery,Scones,Pumpkin Scone,One,4.9,500,25,14,0,63,1,29,6,500,0,Yes,"Enriched flour, butter, pumpkin puree, sugar, cream, eggs, spices, glaze",No,No,"Fall seasonal"
Bakery,Scones,Cranberry Orange Scone,One,3.9,310,11,6,0,48,1,18,5,360,0,No,"Enriched flour, butter, dried cranberries, orange zest, sugar, cream, eggs",No,No,""
Bakery,Scones,Petite Vanilla Bean Scone,One,1.4,130,5,3,0,17,0,6,2,100,0,No,"Enriched flour, butter, sugar, vanilla, cream, eggs, powdered sugar glaze",No,No,"Small size; low calorie for a scone"
Bakery,Loaves,Banana Walnut & Pecan Loaf,One,4,410,22,4,0,49,2,25,7,330,0,No,"Enriched flour, bananas, sugar, vegetable oil, eggs, walnuts, pecans, baking soda",No,No,"Contains tree nuts"
Bakery,Loaves,Iced Lemon Loaf,One,4,450,21,11,0,61,0,40,5,360,0,No,"Enriched flour, sugar, lemon juice, lemon zest, eggs, vegetable oil, cream cheese, lemon icing",No,No,""
Bakery,Loaves,Pumpkin & Pepita Loaf,One,4.2,390,14,2,0,60,1,32,7,380,0,Yes,"Enriched flour, pumpkin puree, sugar, vegetable oil, eggs, pumpkin seeds, spices",No,No,"Fall seasonal"
Bakery,Loaves,Gingerbread Loaf,One,3.8,380,14,7,0,59,1,36,5,360,0,Yes,"Enriched flour, sugar, molasses, ginger, cinnamon, cloves, eggs, vegetable oil, cream cheese icing",No,No,"Holiday seasonal"
Bakery,Muffins,Blueberry Muffin,One,4.1,330,14,3,0,48,1,25,5,340,0,No,"Enriched flour, blueberries, sugar, vegetable oil, eggs, yogurt, lemon zest",No,No,""
Bakery,Muffins,Pumpkin Cream Cheese Muffin,One,4.2,350,14,5,0,51,1,31,5,350,0,Yes,"Enriched flour, pumpkin puree, cream cheese, sugar, vegetable oil, eggs, spices, pepitas",No,No,"Fall seasonal"
Bakery,Coffee Cake,Cinnamon Coffee Cake,One,3.4,380,14,4,0,60,1,32,5,280,0,No,"Enriched flour, butter, sugar, sour cream, eggs, cinnamon streusel topping",No,No,""
Bakery,Bagels,Plain Bagel,One,3.8,290,1,0,0,59,2,5,11,480,0,No,"Enriched flour, water, yeast, salt, barley malt",Yes,No,""
Bakery,Bagels,Everything Bagel,One,3.9,290,2,0,0,57,2,5,11,560,0,No,"Enriched flour, water, sesame seeds, poppy seeds, dried garlic, dried onion, salt, yeast",Yes,No,""
Bakery,Bagels,Sprouted Grain Vegan Bagel,One,4,330,3,0,0,61,3,4,12,490,0,No,"Sprouted wheat flour, enriched flour, water, yeast, salt",Yes,No,"Vegan certified"
Bakery,Cake Pops,Birthday Cake Pop,One,1.2,160,7,4,0,24,0,19,1,65,0,No,"Sugar, enriched flour, vegetable shortening, eggs, cream cheese, vanilla, sprinkles, pink candy coating",No,No,""
Bakery,Cake Pops,Chocolate Cake Pop,One,1.2,150,7,4,0,24,0,18,1,85,5,No,"Sugar, cocoa, enriched flour, vegetable shortening, eggs, chocolate candy coating",No,No,""
Bakery,Cake Pops,Cookies & Cream Cake Pop,One,1.2,140,6,4,0,22,0,16,1,75,0,No,"Sugar, enriched flour, Oreo pieces, vegetable shortening, eggs, cream, white candy coating",No,No,""
Bakery,Cake Pops,Polar Bear Cake Pop,One,1.3,170,8,5,0,25,0,19,1,70,0,Yes,"Sugar, enriched flour, vegetable shortening, vanilla, white chocolate candy coating, black icing details",No,No,"Holiday seasonal 2025"
Bakery,Cookies,Chocolate Chip Cookie,One,2.8,370,18,10,0,50,2,32,4,250,10,No,"Enriched flour, butter, sugar, chocolate chips, eggs, baking soda, salt, vanilla extract",No,No,""
Bakery,Brownies & Bars,Double Chocolate Brownie,One,3.3,480,24,13,0,62,3,42,5,330,20,No,"Sugar, enriched flour, butter, dark chocolate, eggs, cocoa powder, vanilla, chocolate chips",No,No,"Densest calorie bakery item"
Bakery,Brownies & Bars,Marshmallow Dream Bar,One,1.9,230,4,2,0,47,0,25,1,55,0,No,"Marshmallows, crispy rice cereal, butter, vanilla extract",No,Yes,""
Bakery,Brownies & Bars,Cranberry Bliss Bar,One,1.8,290,14,7,0,38,1,27,3,160,0,Yes,"Enriched flour, white chocolate chips, dried cranberries, cream cheese icing, orange zest, eggs, butter",No,No,"Holiday seasonal"
Bakery,Doughnuts,Old-Fashioned Glazed Doughnut,One,3.9,440,21,10,0,60,0,37,5,370,0,No,"Enriched flour, sugar, vegetable shortening, eggs, vanilla glaze, yeast, nutmeg, salt",No,No,""
Bakery,Holiday Bakery,Cinnamon Pull-Apart Bread,One,5,430,18,10,0,62,2,28,7,430,0,Yes,"Enriched flour, butter, cinnamon sugar, cream cheese glaze, yeast, eggs",No,No,"Holiday seasonal 2025"
Breakfast,Egg Sandwiches,Bacon Gouda & Egg Breakfast Sandwich,One,4.3,360,19,9,0,32,1,4,18,820,0,No,"Artisan roll, applewood-smoked bacon, aged gouda cheese, fried egg, egg whites",No,No,""
Breakfast,Egg Sandwiches,Double-Smoked Bacon Cheddar & Egg Sandwich,One,4.6,500,27,12,0,43,2,4,22,940,0,No,"English muffin, double-smoked bacon, cheddar cheese, whole egg",No,No,""
Breakfast,Egg Sandwiches,Sausage Cheddar & Egg Sandwich,One,5,480,27,12,0,43,2,4,21,860,0,No,"English muffin, pork sausage patty, cheddar cheese, whole egg",No,No,""
Breakfast,Egg Sandwiches,Turkey Bacon Cheddar & Egg White Sandwich,One,4,230,6,3,0,31,2,4,17,560,0,No,"English muffin, turkey bacon, reduced-fat white cheddar, egg whites, spinach",No,No,"Lower calorie option"
Breakfast,Egg Sandwiches,Impossible Breakfast Sandwich,One,5.9,420,19,9,0,43,3,4,27,1010,0,No,"English muffin, Impossible pork sausage (soy protein), cheddar cheese, cage-free egg",No,No,"Plant-based sausage"
Breakfast,Egg Sandwiches,Chicken Maple Butter & Egg Sandwich,One,5,450,17,7,0,45,2,11,25,760,0,No,"English muffin, fried chicken, maple butter, whole egg, aged cheddar",No,No,""
Breakfast,Wraps,Spinach Feta & Egg White Wrap,One,5.8,290,10,3,0,34,3,4,20,840,0,No,"Whole wheat wrap, egg whites, spinach, feta cheese, tomatoes, onion, basil pesto",No,No,""
Breakfast,Wraps,Bacon Sausage & Egg Wrap,One,7.2,640,33,12,0,58,3,4,28,1440,0,No,"Whole wheat wrap, applewood-smoked bacon, pork sausage, whole egg, hash brown, cheddar, salsa verde",No,No,"Highest calorie breakfast item"
Breakfast,Egg Bites,Bacon & Gruyere Sous Vide Egg Bites,Two bites,2.8,300,20,10,0,9,0,1,19,660,0,No,"Whole eggs, Gruyere cheese, bacon, Monterey Jack cheese, cottage cheese, rice starch",No,Yes,"Sous vide cooked"
Breakfast,Egg Bites,Egg White & Roasted Red Pepper Sous Vide Egg Bites,Two bites,2.8,170,8,4,0,11,0,2,13,470,0,No,"Egg whites, Monterey Jack cheese, roasted red peppers, spinach, rice starch",No,Yes,"Lower calorie egg bites"
Breakfast,Egg Bites,Kale & Mushroom Sous Vide Egg Bites,Two bites,2.8,230,14,8,0,10,1,2,15,490,0,No,"Whole eggs, kale, mushrooms, Monterey Jack cheese, cottage cheese, rice starch",No,Yes,""
Breakfast,Egg Bites,Potato Cheddar & Chive Bakes,Two bites,2.8,210,12,5,0,22,2,2,7,400,0,No,"Potato, cheddar cheese, chives, eggs, cream",No,Yes,"Baked not sous vide"
Breakfast,Oatmeal,Rolled & Steel Cut Oatmeal (plain),One,5,160,2,0,0,28,4,0,5,125,0,No,"Whole grain rolled oats, steel cut oats, water",Yes,Yes,"Toppings sold separately"
Breakfast,Oatmeal,Oatmeal with Nut Medley & Honey,One,6,260,7,0,0,40,5,10,7,125,0,No,"Whole grain oats, mixed nuts, honey",Yes,No,"Contains tree nuts"
Breakfast,Oatmeal,Oatmeal with Blueberries,One,6,180,2,0,0,33,5,4,5,125,0,No,"Whole grain oats, dried blueberries",Yes,Yes,""
Breakfast,Yogurt & Parfait,Berry Trio Parfait,One,5.4,240,5,1,0,43,3,27,7,125,0,No,"Low-fat vanilla yogurt, granola, strawberries, blueberries, blackberries",No,No,""
Breakfast,Extras,Avocado Spread,One,1.5,90,9,1,0,4,3,0,1,180,0,No,"Hass avocado, sea salt, citric acid, onion",Yes,Yes,"Add-on for sandwiches"
Lunch,Hot Sandwiches,Crispy Grilled Cheese on Sourdough,One,5.5,520,27,13,0,46,2,5,21,970,0,No,"Sourdough bread, cheddar cheese, white cheddar, butter",No,No,"Hot sandwich"
Lunch,Cold Sandwiches,Turkey Provolone & Pesto on Ciabatta,One,7.2,520,16,6,0,44,2,5,32,1480,0,No,"Ciabatta bread, sliced turkey, provolone cheese, basil pesto, tomato, lettuce, mayo",No,No,"Highest protein sandwich (32g)"
Lunch,Cold Sandwiches,Tomato & Mozzarella on Focaccia,One,5.4,360,12,5,0,44,2,5,16,960,0,No,"Focaccia bread, fresh mozzarella, tomato, basil pesto",No,No,"Vegetarian"
Lunch,Cold Sandwiches,Ham & Swiss on Baguette,One,6.5,500,20,9,0,51,2,6,27,1500,0,No,"French baguette, ham, Swiss cheese, Dijon mustard, lettuce, tomato",No,No,""
Lunch,Protein Boxes,Eggs & Gouda Protein Box,One,7.2,530,28,10,0,30,3,7,26,590,0,No,"Hard-boiled eggs, aged gouda, almonds, apple slices, red grapes, honey peanut butter",No,No,"Contains tree nuts"
Lunch,Protein Boxes,Eggs & Cheddar Protein Box,One,7,460,26,9,0,29,3,6,22,580,0,No,"Hard-boiled eggs, white cheddar, almonds, apple slices, grapes, honey",No,No,""
Lunch,Protein Boxes,Cheese & Fruit Protein Box,One,7,470,24,11,0,47,3,29,17,740,0,No,"Aged gouda, white cheddar, Brie, red grapes, apple slices, honey, crackers",No,No,""
Lunch,Protein Boxes,Cheddar & Uncured Salami Protein Box,One,7,470,27,11,0,32,2,6,22,1100,0,No,"Cheddar, uncured salami, almonds, apples, grapes, crackers, honey",No,No,""
Lunch,Protein Boxes,Cheese Trio Protein Box,One,7,520,31,14,0,35,2,8,22,840,0,No,"Gruyere, cheddar, Brie, grapes, apple slices, almonds, crackers",No,No,"Contains tree nuts"
Lunch,Protein Boxes,PB&J Protein Box,One,7,520,24,5,0,61,5,27,18,420,0,No,"Whole grain bread, peanut butter, jam, apple slices, grapes, white cheddar",No,No,"Contains peanuts"
Snacks & Sweets,Packaged,Dark Chocolate Covered Espresso Beans,One pack,1.5,260,14,7,0,34,3,27,4,40,125,No,"Dark chocolate, espresso coffee beans, sugar, cocoa butter",Yes,No,"Contains caffeine"
Snacks & Sweets,Packaged,Dark Chocolate Peanut Butter Cups,One pack,1.4,220,13,8,0,26,2,22,3,50,5,No,"Dark chocolate, peanut butter, sugar, cocoa butter",Yes,No,"Contains peanuts"
Snacks & Sweets,Packaged,Madeleines,One,1.5,220,11,6,0,28,0,14,3,110,0,No,"Enriched flour, sugar, eggs, butter, orange zest, baking powder",No,No,"French butter cake"
Snacks & Sweets,Packaged,Perfect Bar Dark Chocolate Chip Peanut Butter,One,2.2,320,19,5,0,28,3,22,15,190,0,No,"Peanut butter, honey, egg white powder, dark chocolate chips, vitamins",No,No,"High protein bar"
Snacks & Sweets,Packaged,Vanilla Biscotti with Almonds,One,1.5,200,9,1,0,28,1,14,4,95,0,No,"Enriched flour, sugar, almonds, eggs, vanilla, baking powder",No,No,""
Snacks & Sweets,Packaged,Rip Van Wafels Honey & Oats,One,1.2,130,4,2,0,20,0,8,2,45,0,No,"Oat flour, sugar, palm oil, honey, cinnamon",Yes,No,""
Snacks & Sweets,Packaged,KIND Bar,One,1.4,200,15,1,0,18,3,9,6,10,0,No,"Mixed nuts (almonds, peanuts, walnuts), honey, oats",Yes,No,"Contains tree nuts"
Snacks & Sweets,Packaged,Starbucks Butter Popcorn,One bag,1,150,9,5,0,16,1,2,2,200,0,No,"Popcorn, butter, salt",No,Yes,""
Snacks & Sweets,Packaged,Perfectly Salted Kettle Chips,One bag,1.5,280,13,1,0,38,3,1,3,260,0,No,"Potatoes, sunflower oil, sea salt",Yes,Yes,""
Snacks & Sweets,Packaged,Salt & Vinegar Kettle Chips,One bag,1.5,270,13,1,0,36,2,2,3,420,0,No,"Potatoes, sunflower oil, vinegar, sea salt",Yes,Yes,""
Snacks & Sweets,Packaged,String Cheese,One,0.75,80,5,3,0,0,0,0,7,200,0,No,"Part-skim mozzarella cheese, salt",No,Yes,"Low-carb snack"
Snacks & Sweets,Packaged,That's It Apple + Mango Bar,One,1.2,100,0,0,0,24,3,20,0,5,0,No,"Apples, mangoes",Yes,Yes,"2-ingredient fruit bar"
Snacks & Sweets,Packaged,Salted Almond Bites,One bag,1.3,300,25,2,0,14,4,6,10,160,0,No,"Almonds, sea salt",Yes,Yes,"Contains tree nuts"
Snacks & Sweets,Packaged,Shortbread Cookies,One,1.1,170,9,5,0,20,0,9,2,90,0,No,"Enriched flour, butter, sugar, vanilla, salt",No,No,"Buttery Scottish-style"
Snacks & Sweets,Packaged,Squirrel Brand Fruit & Nut Medley,One bag,1.3,200,9,1,0,27,2,18,5,15,0,No,"Almonds, cashews, dried cranberries, raisins",Yes,Yes,"Contains tree nuts"
Bottled Beverages,RTD Frappuccino,Starbucks Frappuccino Mocha (bottle),9.5 oz,9.5,190,3,2,0,35,0,32,8,110,110,No,"Brewed coffee, reduced fat milk, sugar, cocoa, cream, natural flavors",No,Yes,"Ready to drink"
Bottled Beverages,RTD Frappuccino,Starbucks Frappuccino Vanilla (bottle),9.5 oz,9.5,200,3,2,0,37,0,36,8,105,75,No,"Brewed coffee, reduced fat milk, sugar, vanilla extract, cream",No,Yes,""
Bottled Beverages,RTD Frappuccino,Starbucks Frappuccino Caramel (bottle),9.5 oz,9.5,180,3,2,0,33,0,31,8,100,90,No,"Brewed coffee, reduced fat milk, sugar, caramel, cream",No,Yes,""
Bottled Beverages,RTD Frappuccino,Starbucks Frappuccino Coffee (bottle),9.5 oz,9.5,130,3,2,0,23,0,21,8,85,110,No,"Brewed coffee, reduced fat milk, sugar, cream",No,Yes,""
Bottled Beverages,RTD Iced Coffee,Starbucks Iced Coffee (bottle),11 oz,11,60,0,0,0,13,0,13,1,55,130,No,"Brewed coffee, water",Yes,Yes,"Unsweetened"
Bottled Beverages,RTD Iced Coffee,Starbucks Iced Coffee + Milk (bottle),11 oz,11,100,3,2,0,16,0,16,3,60,130,No,"Brewed coffee, reduced fat milk, sugar",No,Yes,""
Bottled Beverages,Nitro Can,Starbucks Nitro Cold Brew (can),11 oz,11,10,0,0,0,0,0,0,1,10,235,No,"Cold brew coffee, nitrogen",Yes,Yes,""
Bottled Beverages,Nitro Can,Starbucks Nitro Cold Brew Vanilla Sweet Cream (can),11 oz,11,70,4,3,0,9,0,8,1,30,235,No,"Cold brew, nitrogen, vanilla sweet cream",No,Yes,""
Bottled Beverages,Energy Drinks,Starbucks Doubleshot Energy Drink Mocha,15 oz,15,130,2,1,0,25,0,22,9,120,135,No,"Espresso, skim milk, B vitamins, guarana extract, ginseng extract, sugar",No,Yes,""
Bottled Beverages,Energy Drinks,Starbucks Doubleshot Energy Drink Vanilla,15 oz,15,140,2,1,0,28,0,24,9,120,135,No,"Espresso, skim milk, B vitamins, guarana extract, ginseng extract, sugar, vanilla",No,Yes,""
Bottled Beverages,Juice,Evolution Fresh Orange Juice,11 oz,11,170,0,0,0,39,0,34,3,30,0,No,"Freshly squeezed orange juice",Yes,Yes,""
Bottled Beverages,Juice,Evolution Fresh Defense Up,11 oz,11,170,0,0,0,41,4,35,2,20,0,No,"Apple, carrot, orange, lemon, ginger juice blend",Yes,Yes,""
Bottled Beverages,Sparkling Water,Galvanina Sparkling Water (plain),11.2 oz,11.2,0,0,0,0,0,0,0,0,20,0,No,"Carbonated water, minerals",Yes,Yes,"No caffeine; no calories"
Bottled Beverages,Sparkling Water,Galvanina Lime Sparkling Water,11.2 oz,11.2,0,0,0,0,0,0,0,0,30,0,No,"Carbonated water, natural lime flavor, minerals",Yes,Yes,"No caffeine"
